country,region,happiness_score,gdp_per_capita,generosity,social_support,freedom_to_make_life_choices,healthy_life_expectancy,year
Afghanistan,South Asia,1.859,0.645,0.093,1.052,0.454,0.087,2023
Afghanistan,South Asia,2.404,0.758,0.089,1.052,0.454,0.289,2022
Afghanistan,South Asia,3.575,0.32,0.365,0.303,0.234,0.303,2015
Afghanistan,South Asia,2.523,0.37,0.122,1.052,0.454,0.126,2021
Afghanistan,South Asia,3.36,0.382,0.313,0.11,0.164,0.173,2016
Afghanistan,South Asia,3.794,0.401,0.312,0.582,0.106,0.181,2017
Afghanistan,South Asia,3.203,0.35,0.158,0.517,0.454,0.361,2019
Afghanistan,South Asia,2.567,0.301,0.135,0.356,0.454,0.266,2020
Afghanistan,South Asia,3.632,0.332,0.191,0.537,0.085,0.255,2018
Albania,Central and Eastern Europe,5.277,1.449,0.133,0.951,0.549,0.48,2023
Albania,Central and Eastern Europe,4.644,0.996,0.201,0.804,0.381,0.731,2017
Albania,Central and Eastern Europe,4.959,0.879,0.143,0.804,0.357,0.813,2015
Albania,Central and Eastern Europe,4.883,0.907,0.171,0.83,0.462,0.846,2020
Albania,Central and Eastern Europe,5.199,1.439,0.138,0.646,0.511,0.719,2022
Albania,Central and Eastern Europe,4.655,0.955,0.168,0.502,0.319,0.73,2016
Albania,Central and Eastern Europe,5.117,1.008,0.168,0.529,0.491,0.646,2021
Albania,Central and Eastern Europe,4.719,0.947,0.178,0.848,0.383,0.874,2019
Albania,Central and Eastern Europe,4.586,0.916,0.149,0.817,0.419,0.79,2018
Algeria,Middle East and North Africa,5.605,0.939,0.078,1.078,0.286,0.618,2015
Algeria,Middle East and North Africa,5.122,1.363,0.106,0.97,0.146,0.643,2022
Algeria,Middle East and North Africa,5.211,1.002,0.073,1.16,0.086,0.785,2019
Algeria,Middle East and North Africa,5.295,0.979,0.055,1.154,0.077,0.687,2018
Algeria,Middle East and North Africa,5.329,1.353,0.073,1.298,0.252,0.409,2023
Algeria,Middle East and North Africa,5.872,1.092,0.069,1.146,0.233,0.618,2017
Algeria,Middle East and North Africa,5.005,0.944,0.119,1.143,0.084,0.745,2020
Algeria,Middle East and North Africa,6.355,1.053,0.07,0.833,0.21,0.618,2016
Algeria,Middle East and North Africa,4.887,0.946,0.144,0.765,0.119,0.552,2021
Angola,Sub-Saharan Africa,4.033,0.758,0.123,0.86,0.104,0.167,2015
Angola,Sub-Saharan Africa,3.795,0.73,0.079,1.125,0.454,0.269,2018
Angola,Sub-Saharan Africa,3.795,0.858,0.098,1.104,0.454,0.05,2017
Angola,Sub-Saharan Africa,3.866,0.847,0.121,0.664,0.006,0.05,2016
Argentina,Latin America and Caribbean,6.388,1.073,0.062,1.468,0.57,0.744,2018
Argentina,Latin America and Caribbean,5.929,1.162,0.069,0.98,0.544,0.646,2021
Argentina,Latin America and Caribbean,6.024,1.59,0.088,1.388,0.587,0.427,2023
Argentina,Latin America and Caribbean,6.599,1.185,0.109,1.44,0.495,0.695,2017
Argentina,Latin America and Caribbean,6.574,1.054,0.115,1.248,0.45,0.787,2015
Argentina,Latin America and Caribbean,6.086,1.092,0.066,1.432,0.471,0.881,2019
Argentina,Latin America and Caribbean,5.967,1.592,0.081,1.102,0.555,0.662,2022
Argentina,Latin America and Caribbean,6.65,1.151,0.11,1.066,0.423,0.697,2016
Argentina,Latin America and Caribbean,5.975,1.028,0.07,1.373,0.521,0.85,2020
Armenia,Central and Eastern Europe,4.559,0.85,0.095,1.055,0.283,0.815,2019
Armenia,Central and Eastern Europe,4.677,0.808,0.107,1.035,0.378,0.776,2020
Armenia,Central and Eastern Europe,4.376,0.901,0.083,1.007,0.198,0.638,2017
Armenia,Central and Eastern Europe,5.283,0.996,0.079,0.758,0.54,0.585,2021
Armenia,Central and Eastern Europe,4.35,0.768,0.079,0.777,0.198,0.73,2015
Armenia,Central and Eastern Europe,5.342,1.466,0.053,1.134,0.551,0.443,2023
Armenia,Central and Eastern Europe,5.399,1.434,0.054,0.82,0.558,0.668,2022
Armenia,Central and Eastern Europe,4.36,0.861,0.078,0.625,0.14,0.641,2016
Armenia,Central and Eastern Europe,4.321,0.816,0.077,0.99,0.26,0.666,2018
Australia,North America and ANZ,7.272,1.34,0.361,1.573,0.647,0.91,2018
Australia,North America and ANZ,7.284,1.334,0.436,1.309,0.651,0.932,2015
Australia,North America and ANZ,7.183,1.453,0.291,1.076,0.647,0.801,2021
Australia,North America and ANZ,7.095,1.899,0.242,1.497,0.677,0.532,2023
Australia,North America and ANZ,7.284,1.484,0.478,1.51,0.602,0.844,2017
Australia,North America and ANZ,7.223,1.31,0.325,1.477,0.622,1.023,2020
Australia,North America and ANZ,7.162,1.9,0.258,1.203,0.676,0.772,2022
Australia,North America and ANZ,7.228,1.372,0.332,1.548,0.557,1.036,2019
Australia,North America and ANZ,7.313,1.444,0.474,1.105,0.568,0.851,2016
Austria,Western Europe,7.294,1.317,0.256,1.437,0.603,1.001,2020
Austria,Western Europe,7.097,1.927,0.191,1.382,0.63,0.535,2023
Austria,Western Europe,7.163,1.931,0.193,1.165,0.623,0.774,2022
Austria,Western Europe,7.139,1.341,0.242,1.504,0.617,0.891,2018
Austria,Western Europe,7.2,1.337,0.331,1.297,0.624,0.89,2015
Austria,Western Europe,7.246,1.376,0.244,1.475,0.532,1.016,2019
Austria,Western Europe,7.268,1.492,0.215,1.062,0.64,0.782,2021
Austria,Western Europe,7.119,1.45,0.329,1.084,0.544,0.806,2016
Austria,Western Europe,7.006,1.487,0.316,1.46,0.568,0.815,2017
Azerbaijan,Central and Eastern Europe,5.291,1.124,0.056,0.76,0.353,0.545,2016
Azerbaijan,Central and Eastern Europe,5.234,1.154,0.045,1.152,0.398,0.541,2017
Azerbaijan,Central and Eastern Europe,5.171,1.025,0.043,0.841,0.526,0.541,2021
Azerbaijan,Central and Eastern Europe,5.208,1.043,0.035,1.147,0.351,0.769,2019
Azerbaijan,Central and Eastern Europe,5.173,1.458,0.023,1.093,0.601,0.56,2022
Azerbaijan,Central and Eastern Europe,5.212,1.024,0.078,0.938,0.37,0.64,2015
Azerbaijan,Central and Eastern Europe,5.165,0.99,0.04,1.181,0.468,0.731,2020
Azerbaijan,Central and Eastern Europe,5.201,1.024,0.031,1.161,0.43,0.603,2018
Bahrain,Middle East and North Africa,6.227,1.297,0.287,1.315,0.61,0.839,2020
Bahrain,Middle East and North Africa,6.199,1.362,0.255,1.368,0.536,0.871,2019
Bahrain,Middle East and North Africa,6.647,1.409,0.246,0.899,0.661,0.662,2021
Bahrain,Middle East and North Africa,6.218,1.44,0.171,0.944,0.474,0.657,2016
Bahrain,Middle East and North Africa,5.96,1.324,0.174,1.216,0.455,0.747,2015
Bahrain,Middle East and North Africa,6.087,1.488,0.173,1.323,0.537,0.653,2017
Bahrain,Middle East and North Africa,6.105,1.338,0.243,1.366,0.594,0.698,2018
Bahrain,Middle East and North Africa,6.173,1.883,0.199,1.269,0.748,0.389,2023
Bahrain,Middle East and North Africa,6.647,1.854,0.199,1.029,0.693,0.625,2022
Bangladesh,South Asia,5.025,0.635,0.161,0.52,0.603,0.514,2021
Bangladesh,South Asia,5.155,1.06,0.125,0.614,0.622,0.581,2022
Bangladesh,South Asia,4.833,0.556,0.177,0.869,0.604,0.695,2020
Bangladesh,South Asia,4.282,1.133,0.139,0.513,0.617,0.355,2023
Bangladesh,South Asia,4.608,0.587,0.172,0.735,0.478,0.533,2017
Bangladesh,South Asia,4.643,0.542,0.191,0.247,0.398,0.53,2016
Bangladesh,South Asia,4.694,0.398,0.212,0.431,0.408,0.602,2015
Bangladesh,South Asia,4.456,0.562,0.166,0.928,0.527,0.723,2019
Bangladesh,South Asia,4.5,0.532,0.153,0.85,0.58,0.579,2018
Belarus,Central and Eastern Europe,5.483,1.039,0.101,1.498,0.307,0.7,2018
Belarus,Central and Eastern Europe,5.821,1.562,0.04,1.157,0.342,0.629,2022
Belarus,Central and Eastern Europe,5.569,1.157,0.155,1.445,0.295,0.638,2017
Belarus,Central and Eastern Europe,5.802,1.131,0.139,1.05,0.291,0.631,2016
Belarus,Central and Eastern Europe,5.323,1.067,0.094,1.465,0.235,0.789,2019
Belarus,Central and Eastern Europe,5.813,1.032,0.11,1.233,0.379,0.736,2015
Belarus,Central and Eastern Europe,5.54,1.019,0.09,1.387,0.291,0.753,2020
Belarus,Central and Eastern Europe,5.534,1.124,0.07,1.007,0.326,0.56,2021
Belgium,Western Europe,6.891,1.464,0.232,1.462,0.54,0.818,2017
Belgium,Western Europe,6.927,1.324,0.188,1.483,0.583,0.894,2018
Belgium,Western Europe,6.834,1.463,0.088,0.998,0.489,0.747,2021
Belgium,Western Europe,6.859,1.907,0.137,1.449,0.59,0.528,2023
Belgium,Western Europe,6.937,1.308,0.222,1.286,0.584,0.897,2015
Belgium,Western Europe,6.923,1.356,0.16,1.504,0.473,0.986,2019
Belgium,Western Europe,6.929,1.425,0.242,1.052,0.514,0.82,2016
Belgium,Western Europe,6.805,1.907,0.049,1.106,0.492,0.764,2022
Belgium,Western Europe,6.864,1.296,0.147,1.399,0.5,0.965,2020
Belize,Latin America and Caribbean,5.956,0.876,0.237,0.687,0.512,0.456,2016
Belize,Latin America and Caribbean,5.956,0.807,0.183,1.101,0.593,0.474,2018
Belize,Latin America and Caribbean,5.956,0.908,0.24,1.081,0.548,0.45,2017
Benin,Sub-Saharan Africa,3.34,0.287,0.183,0.354,0.484,0.319,2015
Benin,Sub-Saharan Africa,5.045,0.507,0.166,0.058,0.457,0.196,2021
Benin,Sub-Saharan Africa,3.484,0.395,0.202,0.104,0.397,0.21,2016
Benin,Sub-Saharan Africa,4.141,0.378,0.163,0.372,0.44,0.24,2018
Benin,Sub-Saharan Africa,4.883,0.393,0.175,0.437,0.349,0.397,2019
Benin,Sub-Saharan Africa,4.374,0.924,0.114,0.242,0.481,0.124,2023
Benin,Sub-Saharan Africa,5.216,0.366,0.197,0.352,0.406,0.328,2020
Benin,Sub-Saharan Africa,3.657,0.431,0.208,0.435,0.426,0.21,2017
Benin,Sub-Saharan Africa,4.623,0.932,0.127,0.064,0.479,0.335,2022
Bhutan,South Asia,5.196,0.853,0.485,0.908,0.461,0.498,2016
Bhutan,South Asia,5.011,0.885,0.474,1.34,0.502,0.496,2017
Bhutan,South Asia,5.082,0.813,0.37,1.321,0.457,0.604,2019
Bhutan,South Asia,5.082,0.796,0.364,1.335,0.541,0.527,2018
Bhutan,South Asia,5.253,0.77,0.48,1.104,0.532,0.574,2015
Bolivia,Latin America and Caribbean,5.6,1.256,0.112,0.88,0.627,0.555,2022
Bolivia,Latin America and Caribbean,5.752,0.751,0.141,1.223,0.606,0.508,2018
Bolivia,Latin America and Caribbean,5.716,0.842,0.138,0.782,0.6,0.486,2021
Bolivia,Latin America and Caribbean,5.684,1.24,0.103,1.187,0.648,0.329,2023
Bolivia,Latin America and Caribbean,5.779,0.776,0.137,1.209,0.511,0.706,2019
Bolivia,Latin America and Caribbean,5.89,0.681,0.205,0.978,0.574,0.539,2015
Bolivia,Latin America and Caribbean,5.822,0.794,0.217,0.838,0.51,0.47,2016
Bolivia,Latin America and Caribbean,5.747,0.731,0.138,1.142,0.574,0.662,2020
Bolivia,Latin America and Caribbean,5.823,0.834,0.226,1.228,0.559,0.474,2017
Bosnia and Herzegovina,Central and Eastern Europe,5.813,1.032,0.261,0.919,0.395,0.618,2021
Bosnia and Herzegovina,Central and Eastern Europe,5.163,0.934,0.299,0.644,0.095,0.708,2016
Bosnia and Herzegovina,Central and Eastern Europe,5.633,1.467,0.247,1.361,0.485,0.429,2023
Bosnia and Herzegovina,Central and Eastern Europe,5.768,1.468,0.244,1.068,0.448,0.665,2022
Bosnia and Herzegovina,Central and Eastern Europe,5.182,0.982,0.329,1.069,0.204,0.705,2017
Bosnia and Herzegovina,Central and Eastern Europe,5.386,0.945,0.263,1.212,0.212,0.845,2019
Bosnia and Herzegovina,Central and Eastern Europe,5.674,0.918,0.264,1.204,0.305,0.814,2020
Bosnia and Herzegovina,Central and Eastern Europe,5.129,0.915,0.216,1.078,0.28,0.758,2018
Bosnia and Herzegovina,Central and Eastern Europe,4.949,0.832,0.248,0.919,0.092,0.791,2015
Botswana,Sub-Saharan Africa,3.467,1.099,0.027,0.724,0.539,0.34,2021
Botswana,Sub-Saharan Africa,3.974,1.094,0.124,0.892,0.441,0.348,2016
Botswana,Sub-Saharan Africa,3.435,1.471,0.021,1.041,0.48,0.087,2023
Botswana,Sub-Saharan Africa,4.332,0.994,0.105,1.105,0.495,0.048,2015
Botswana,Sub-Saharan Africa,3.479,0.998,0.033,1.086,0.509,0.494,2020
Botswana,Sub-Saharan Africa,3.471,1.503,0.012,0.815,0.571,0.28,2022
Botswana,Sub-Saharan Africa,3.488,1.041,0.025,1.145,0.455,0.538,2019
Botswana,Sub-Saharan Africa,3.766,1.122,0.099,1.222,0.505,0.342,2017
Botswana,Sub-Saharan Africa,3.59,1.017,0.042,1.174,0.557,0.417,2018
Brazil,Latin America and Caribbean,6.952,1.088,0.158,1.039,0.404,0.614,2016
Brazil,Latin America and Caribbean,6.376,0.953,0.132,1.363,0.483,0.766,2020
Brazil,Latin America and Caribbean,6.3,1.004,0.099,1.439,0.39,0.802,2019
Brazil,Latin America and Caribbean,6.419,0.986,0.11,1.474,0.493,0.675,2018
Brazil,Latin America and Caribbean,6.33,1.028,0.142,0.944,0.514,0.571,2021
Brazil,Latin America and Caribbean,6.125,1.454,0.131,1.25,0.558,0.387,2023
Brazil,Latin America and Caribbean,6.635,1.107,0.162,1.431,0.437,0.617,2017
Brazil,Latin America and Caribbean,6.983,0.981,0.146,1.233,0.49,0.697,2015
Brazil,Latin America and Caribbean,6.293,1.462,0.131,1.044,0.546,0.615,2022
Bulgaria,Central and Eastern Europe,4.218,1.012,0.119,1.106,0.306,0.766,2015
Bulgaria,Central and Eastern Europe,4.714,1.161,0.113,1.434,0.289,0.708,2017
Bulgaria,Central and Eastern Europe,5.011,1.092,0.081,1.513,0.311,0.815,2019
Bulgaria,Central and Eastern Europe,5.102,1.047,0.104,1.461,0.418,0.778,2020
Bulgaria,Central and Eastern Europe,4.933,1.054,0.064,1.515,0.359,0.712,2018
Bulgaria,Central and Eastern Europe,5.371,1.625,0.123,1.163,0.563,0.64,2022
Bulgaria,Central and Eastern Europe,5.266,1.181,0.125,1.055,0.494,0.583,2021
Bulgaria,Central and Eastern Europe,4.217,1.113,0.128,0.925,0.212,0.678,2016
Bulgaria,Central and Eastern Europe,5.466,1.635,0.106,1.457,0.557,0.408,2023
Burkina Faso,Sub-Saharan Africa,4.032,0.35,0.251,1.043,0.324,0.216,2017
Burkina Faso,Sub-Saharan Africa,3.739,0.32,0.244,0.631,0.334,0.213,2016
Burkina Faso,Sub-Saharan Africa,4.769,0.302,0.186,0.929,0.322,0.313,2020
Burkina Faso,Sub-Saharan Africa,4.834,0.364,0.182,0.472,0.381,0.179,2021
Burkina Faso,Sub-Saharan Africa,3.587,0.258,0.217,0.852,0.395,0.271,2015
Burkina Faso,Sub-Saharan Africa,4.424,0.314,0.175,1.097,0.312,0.254,2018
Burkina Faso,Sub-Saharan Africa,4.67,0.779,0.186,0.565,0.382,0.32,2022
Burkina Faso,Sub-Saharan Africa,4.638,0.768,0.188,0.814,0.419,0.107,2023
Burkina Faso,Sub-Saharan Africa,4.587,0.331,0.177,1.056,0.255,0.38,2019
Burundi,Sub-Saharan Africa,3.775,0.046,0.176,0.447,0.22,0.38,2019
Burundi,Sub-Saharan Africa,3.775,1.026,0.172,0.062,0.298,0.155,2021
Burundi,Sub-Saharan Africa,2.905,0.091,0.149,0.627,0.065,0.145,2018
Burundi,Sub-Saharan Africa,2.905,0.092,0.204,0.63,0.06,0.152,2017
Burundi,Sub-Saharan Africa,3.775,1.026,0.187,0.404,0.275,0.295,2020
Burundi,Sub-Saharan Africa,2.905,0.068,0.203,0.234,0.043,0.157,2016
Burundi,Sub-Saharan Africa,2.905,0.015,0.197,0.416,0.118,0.224,2015
Cambodia,Southeast Asia,4.433,0.549,0.256,1.088,0.696,0.457,2018
Cambodia,Southeast Asia,4.64,1.019,0.166,0.732,0.74,0.505,2022
Cambodia,Southeast Asia,3.907,0.556,0.403,0.538,0.589,0.425,2016
Cambodia,Southeast Asia,4.848,0.545,0.233,1.071,0.675,0.588,2020
Cambodia,Southeast Asia,4.83,0.603,0.21,0.68,0.702,0.426,2021
Cambodia,Southeast Asia,4.7,0.574,0.232,1.122,0.609,0.637,2019
Cambodia,Southeast Asia,4.168,0.602,0.386,1.006,0.633,0.43,2017
Cambodia,Southeast Asia,4.393,1.025,0.176,1.024,0.768,0.283,2023
Cambodia,Southeast Asia,3.819,0.46,0.404,0.627,0.662,0.611,2015
Cameroon,Sub-Saharan Africa,4.973,0.965,0.144,0.871,0.405,0.118,2023
Cameroon,Sub-Saharan Africa,4.513,0.525,0.227,0.625,0.427,0.127,2016
Cameroon,Sub-Saharan Africa,5.142,0.543,0.205,0.556,0.425,0.159,2021
Cameroon,Sub-Saharan Africa,4.695,0.564,0.236,0.946,0.43,0.133,2017
Cameroon,Sub-Saharan Africa,4.252,0.422,0.206,0.888,0.493,0.234,2015
Cameroon,Sub-Saharan Africa,4.975,0.535,0.183,0.891,0.454,0.182,2018
Cameroon,Sub-Saharan Africa,5.048,0.968,0.152,0.672,0.397,0.317,2022
Cameroon,Sub-Saharan Africa,5.085,0.504,0.198,0.9,0.439,0.27,2020
Cameroon,Sub-Saharan Africa,5.044,0.549,0.187,0.91,0.381,0.331,2019
Canada,North America and ANZ,7.025,1.886,0.217,1.188,0.659,0.783,2022
Canada,North America and ANZ,7.427,1.326,0.458,1.323,0.633,0.906,2015
Canada,North America and ANZ,7.404,1.44,0.448,1.096,0.574,0.828,2016
Canada,North America and ANZ,7.316,1.479,0.436,1.481,0.611,0.835,2017
Canada,North America and ANZ,7.328,1.33,0.321,1.532,0.653,0.896,2018
Canada,North America and ANZ,6.961,1.881,0.218,1.484,0.656,0.541,2023
Canada,North America and ANZ,7.278,1.365,0.285,1.505,0.584,1.039,2019
Canada,North America and ANZ,7.103,1.447,0.246,1.044,0.648,0.798,2021
Canada,North America and ANZ,7.232,1.302,0.282,1.435,0.644,1.023,2020
Central African Republic,Sub-Saharan Africa,2.693,1.026,0.281,1.052,0.271,0.019,2017
Central African Republic,Sub-Saharan Africa,3.083,0.026,0.235,1.052,0.225,0.105,2019
Central African Republic,Sub-Saharan Africa,3.678,0.078,0.238,1.052,0.489,0.067,2015
Central African Republic,Sub-Saharan Africa,3.476,0.041,0.254,1.052,0.293,0.587,2020
Central African Republic,Sub-Saharan Africa,3.083,0.024,0.218,1.052,0.305,0.01,2018
Chad,Sub-Saharan Africa,3.936,0.438,0.216,0.954,0.162,0.041,2017
Chad,Sub-Saharan Africa,4.251,0.662,0.182,0.506,0.18,0.225,2022
Chad,Sub-Saharan Africa,4.355,0.255,0.215,0.353,0.24,0.587,2021
Chad,Sub-Saharan Africa,4.397,0.622,0.255,0.962,0.393,0.043,2023
Chad,Sub-Saharan Africa,3.667,0.342,0.184,0.761,0.235,0.15,2015
Chad,Sub-Saharan Africa,4.301,0.358,0.181,0.907,0.189,0.053,2018
Chad,Sub-Saharan Africa,3.763,0.422,0.187,0.632,0.128,0.038,2016
Chad,Sub-Saharan Africa,4.423,0.302,0.211,0.739,0.229,0.109,2020
Chad,Sub-Saharan Africa,4.35,0.35,0.198,0.766,0.174,0.192,2019
Chile,Latin America and Caribbean,6.67,1.107,0.334,1.124,0.441,0.859,2015
Chile,Latin America and Caribbean,6.652,1.253,0.327,1.284,0.377,0.819,2017
Chile,Latin America and Caribbean,6.334,1.645,0.131,1.384,0.546,0.511,2023
Chile,Latin America and Caribbean,6.172,1.651,0.124,1.08,0.46,0.748,2022
Chile,Latin America and Caribbean,6.705,1.217,0.316,0.906,0.378,0.819,2016
Chile,Latin America and Caribbean,6.444,1.159,0.187,1.369,0.357,0.92,2019
Chile,Latin America and Caribbean,6.228,1.097,0.156,1.323,0.417,0.889,2020
Chile,Latin America and Caribbean,6.172,1.2,0.159,0.946,0.438,0.678,2021
Chile,Latin America and Caribbean,6.476,1.131,0.197,1.331,0.431,0.808,2018
China,East Asia,5.818,1.51,0.115,1.249,0.666,0.468,2023
China,East Asia,5.124,0.991,0.079,1.132,0.602,0.867,2020
China,East Asia,5.14,0.89,0.082,0.947,0.517,0.817,2015
China,East Asia,5.191,1.029,0.058,1.125,0.521,0.893,2019
China,East Asia,5.339,1.061,0.093,0.785,0.636,0.665,2021
China,East Asia,5.273,1.081,0.029,1.161,0.473,0.741,2017
China,East Asia,5.585,1.508,0.099,0.958,0.656,0.705,2022
China,East Asia,5.245,1.028,0.05,0.794,0.44,0.736,2016
China,East Asia,5.246,0.989,0.029,1.142,0.597,0.799,2018
Colombia,Latin America and Caribbean,6.357,1.071,0.149,1.402,0.477,0.595,2017
Colombia,Latin America and Caribbean,6.26,0.96,0.099,1.439,0.531,0.635,2018
Colombia,Latin America and Caribbean,6.163,0.932,0.092,1.334,0.527,0.81,2020
Colombia,Latin America and Caribbean,6.481,1.03,0.156,1.022,0.447,0.597,2016
Colombia,Latin America and Caribbean,6.012,1.021,0.1,0.866,0.554,0.615,2021
Colombia,Latin America and Caribbean,5.63,1.455,0.08,1.213,0.562,0.486,2023
Colombia,Latin America and Caribbean,6.125,0.985,0.099,1.41,0.47,0.841,2019
Colombia,Latin America and Caribbean,5.781,1.452,0.087,0.929,0.545,0.72,2022
Colombia,Latin America and Caribbean,6.477,0.919,0.184,1.24,0.535,0.691,2015
Comoros,Sub-Saharan Africa,4.609,0.899,0.195,0.476,0.185,0.424,2022
Comoros,Sub-Saharan Africa,3.973,0.274,0.275,0.757,0.142,0.505,2019
Comoros,Sub-Saharan Africa,4.289,0.416,0.259,0.723,0.181,0.437,2020
Comoros,Sub-Saharan Africa,3.956,0.239,0.174,0.793,0.229,0.363,2015
Comoros,Sub-Saharan Africa,3.956,0.275,0.183,0.603,0.154,0.3,2016
Comoros,Sub-Saharan Africa,4.289,0.488,0.241,0.367,0.202,0.279,2021
Comoros,Sub-Saharan Africa,3.545,0.914,0.129,0.327,0.117,0.215,2023
Congo,Sub-Saharan Africa,5.075,0.95,0.13,0.405,0.431,0.355,2022
Congo (Brazzaville),Sub-Saharan Africa,4.236,0.771,0.121,0.478,0.379,0.282,2016
Congo (Brazzaville),Sub-Saharan Africa,5.267,0.921,0.134,0.665,0.464,0.145,2023
Congo (Brazzaville),Sub-Saharan Africa,3.989,0.679,0.124,0.663,0.415,0.311,2015
Congo (Brazzaville),Sub-Saharan Africa,4.812,0.673,0.105,0.799,0.372,0.508,2019
Congo (Brazzaville),Sub-Saharan Africa,5.194,0.634,0.117,0.758,0.387,0.458,2020
Congo (Brazzaville),Sub-Saharan Africa,4.559,0.682,0.091,0.811,0.514,0.343,2018
Congo (Brazzaville),Sub-Saharan Africa,4.291,0.809,0.121,0.832,0.435,0.29,2017
Congo (Brazzaville),Sub-Saharan Africa,5.342,0.518,0.144,0.392,0.381,0.307,2021
Congo (Kinshasa),Sub-Saharan Africa,4.272,0.057,0.255,0.807,0.156,0.188,2016
Congo (Kinshasa),Sub-Saharan Africa,4.311,0.062,0.254,0.833,0.365,0.277,2020
Congo (Kinshasa),Sub-Saharan Africa,4.517,1.026,0.248,1.001,0.226,0.098,2015
Congo (Kinshasa),Sub-Saharan Africa,3.207,0.531,0.183,0.784,0.375,0.105,2023
Congo (Kinshasa),Sub-Saharan Africa,4.245,0.069,0.197,1.136,0.312,0.204,2018
Congo (Kinshasa),Sub-Saharan Africa,4.418,0.094,0.212,1.125,0.269,0.357,2019
Congo (Kinshasa),Sub-Saharan Africa,4.28,0.092,0.246,1.229,0.236,0.191,2017
Costa Rica,Latin America and Caribbean,7.079,1.11,0.215,1.416,0.58,0.76,2017
Costa Rica,Latin America and Caribbean,7.069,1.134,0.105,0.966,0.673,0.722,2021
Costa Rica,Latin America and Caribbean,6.582,1.584,0.089,1.054,0.661,0.744,2022
Costa Rica,Latin America and Caribbean,7.167,1.034,0.144,1.441,0.558,0.963,2019
Costa Rica,Latin America and Caribbean,7.087,1.069,0.226,1.022,0.552,0.761,2016
Costa Rica,Latin America and Caribbean,6.609,1.587,0.099,1.34,0.683,0.503,2023
Costa Rica,Latin America and Caribbean,7.226,0.956,0.255,1.238,0.634,0.86,2015
Costa Rica,Latin America and Caribbean,7.072,1.01,0.143,1.459,0.632,0.817,2018
Costa Rica,Latin America and Caribbean,7.121,0.981,0.131,1.375,0.645,0.94,2020
Croatia,Central and Eastern Europe,5.882,1.251,0.111,1.039,0.453,0.703,2021
Croatia,Central and Eastern Europe,5.293,1.223,0.248,0.968,0.256,0.701,2017
Croatia,Central and Eastern Europe,6.125,1.727,0.087,1.455,0.5,0.475,2023
Croatia,Central and Eastern Europe,5.488,1.186,0.184,0.608,0.239,0.705,2016
Croatia,Central and Eastern Europe,6.125,1.705,0.109,1.183,0.535,0.709,2022
Croatia,Central and Eastern Europe,5.505,1.109,0.114,1.311,0.381,0.901,2020
Croatia,Central and Eastern Europe,5.321,1.115,0.12,1.161,0.38,0.737,2018
Croatia,Central and Eastern Europe,5.432,1.155,0.119,1.266,0.296,0.914,2019
Croatia,Central and Eastern Europe,5.759,1.083,0.054,0.796,0.259,0.788,2015
Cyprus,Western Europe,6.13,1.824,0.104,1.224,0.455,0.58,2023
Cyprus,Western Europe,6.046,1.263,0.19,1.223,0.406,1.042,2019
Cyprus,Western Europe,6.223,1.377,0.178,0.765,0.464,0.801,2021
Cyprus,Western Europe,6.159,1.213,0.228,1.149,0.459,1.026,2020
Cyprus,Western Europe,5.621,1.356,0.271,1.131,0.355,0.845,2017
Cyprus,Western Europe,5.689,1.208,0.306,0.893,0.407,0.924,2015
Cyprus,Western Europe,5.835,1.229,0.179,1.211,0.495,0.909,2018
Cyprus,Western Europe,6.221,1.815,0.123,0.909,0.448,0.819,2022
Cyprus,Western Europe,5.546,1.319,0.279,0.707,0.295,0.849,2016
Czechia,Central and Eastern Europe,6.596,1.309,0.099,1.008,0.414,0.764,2016
Czechia,Central and Eastern Europe,6.609,1.353,0.088,1.434,0.491,0.754,2017
Czechia,Central and Eastern Europe,6.965,1.37,0.052,1.09,0.58,0.703,2021
Czechia,Central and Eastern Europe,6.92,1.815,0.158,1.26,0.66,0.715,2022
Czechia,Central and Eastern Europe,6.505,1.179,0.107,1.206,0.464,0.845,2015
Czechia,Central and Eastern Europe,6.711,1.233,0.064,1.489,0.543,0.854,2018
Czechia,Central and Eastern Europe,6.911,1.212,0.046,1.405,0.506,0.895,2020
Czechia,Central and Eastern Europe,6.845,1.823,0.158,1.544,0.693,0.477,2023
Czechia,Central and Eastern Europe,6.852,1.269,0.046,1.487,0.457,0.92,2019
Denmark,Western Europe,7.527,1.325,0.341,1.361,0.649,0.875,2015
Denmark,Western Europe,7.636,1.953,0.188,1.243,0.719,0.777,2022
Denmark,Western Europe,7.586,1.949,0.208,1.548,0.734,0.537,2023
Denmark,Western Europe,7.522,1.482,0.355,1.551,0.626,0.793,2017
Denmark,Western Europe,7.555,1.351,0.284,1.59,0.683,0.868,2018
Denmark,Western Europe,7.62,1.502,0.208,1.108,0.686,0.763,2021
Denmark,Western Europe,7.526,1.442,0.362,1.164,0.579,0.795,2016
Denmark,Western Europe,7.646,1.327,0.243,1.503,0.665,0.979,2020
Denmark,Western Europe,7.6,1.383,0.252,1.573,0.592,0.996,2019
Djibouti,Sub-Saharan Africa,4.369,0.44,0.181,0.592,0.461,0.363,2015
Dominican Republic,Latin America and Caribbean,5.302,0.982,0.12,1.441,0.578,0.614,2018
Dominican Republic,Latin America and Caribbean,4.885,0.895,0.217,1.172,0.577,0.668,2015
Dominican Republic,Latin America and Caribbean,5.689,0.983,0.112,1.329,0.563,0.742,2020
Dominican Republic,Latin America and Caribbean,5.569,1.536,0.083,1.227,0.623,0.351,2023
Dominican Republic,Latin America and Caribbean,5.23,1.079,0.187,1.402,0.553,0.575,2017
Dominican Republic,Latin America and Caribbean,5.425,1.015,0.113,1.401,0.497,0.779,2019
Dominican Republic,Latin America and Caribbean,5.155,1.028,0.213,0.995,0.523,0.577,2016
Dominican Republic,Latin America and Caribbean,5.737,1.538,0.084,1.003,0.606,0.577,2022
Dominican Republic,Latin America and Caribbean,5.545,1.106,0.101,0.879,0.581,0.555,2021
Ecuador,Latin America and Caribbean,5.764,0.935,0.107,0.806,0.56,0.64,2021
Ecuador,Latin America and Caribbean,5.976,0.973,0.101,0.86,0.403,0.686,2016
Ecuador,Latin America and Caribbean,6.008,1.001,0.15,1.286,0.455,0.686,2017
Ecuador,Latin America and Caribbean,5.925,0.853,0.115,1.221,0.555,0.839,2020
Ecuador,Latin America and Caribbean,5.973,0.889,0.114,1.33,0.556,0.736,2018
Ecuador,Latin America and Caribbean,6.028,0.912,0.126,1.312,0.498,0.868,2019
Ecuador,Latin America and Caribbean,5.975,0.864,0.115,0.999,0.486,0.791,2015
Ecuador,Latin America and Caribbean,5.533,1.352,0.08,0.879,0.565,0.708,2022
Ecuador,Latin America and Caribbean,5.559,1.343,0.079,1.173,0.56,0.476,2023
Egypt,Middle East and North Africa,4.362,0.954,0.127,0.498,0.188,0.521,2016
Egypt,Middle East and North Africa,4.735,0.99,0.129,0.997,0.282,0.52,2017
Egypt,Middle East and North Africa,4.151,0.875,0.069,0.983,0.374,0.597,2020
Egypt,Middle East and North Africa,4.166,0.913,0.076,1.039,0.241,0.644,2019
Egypt,Middle East and North Africa,4.17,1.377,0.038,0.972,0.467,0.326,2023
Egypt,Middle East and North Africa,4.288,1.388,0.041,0.732,0.469,0.548,2022
Egypt,Middle East and North Africa,4.419,0.885,0.092,1.025,0.312,0.553,2018
Egypt,Middle East and North Africa,4.283,0.954,0.069,0.647,0.446,0.426,2021
Egypt,Middle East and North Africa,4.194,0.882,0.113,0.747,0.173,0.617,2015
El Salvador,Latin America and Caribbean,6.003,0.91,0.078,1.182,0.432,0.596,2017
El Salvador,Latin America and Caribbean,6.253,0.794,0.093,1.242,0.43,0.789,2019
El Salvador,Latin America and Caribbean,6.167,0.806,0.065,1.231,0.461,0.639,2018
El Salvador,Latin America and Caribbean,6.122,1.278,0.079,1.044,0.713,0.383,2023
El Salvador,Latin America and Caribbean,6.061,0.845,0.116,0.675,0.615,0.565,2021
El Salvador,Latin America and Caribbean,6.12,1.265,0.089,0.768,0.666,0.607,2022
El Salvador,Latin America and Caribbean,6.348,0.749,0.119,1.149,0.524,0.753,2020
El Salvador,Latin America and Caribbean,6.13,0.765,0.107,1.025,0.404,0.677,2015
El Salvador,Latin America and Caribbean,6.068,0.874,0.089,0.81,0.373,0.596,2016
Estonia,Central and Eastern Europe,5.429,1.152,0.087,1.228,0.449,0.774,2015
Estonia,Central and Eastern Europe,5.611,1.321,0.099,1.477,0.479,0.695,2017
Estonia,Central and Eastern Europe,5.893,1.237,0.103,1.528,0.495,0.874,2019
Estonia,Central and Eastern Europe,6.455,1.798,0.153,1.526,0.728,0.494,2023
Estonia,Central and Eastern Europe,5.517,1.28,0.084,1.052,0.415,0.681,2016
Estonia,Central and Eastern Europe,5.739,1.2,0.086,1.532,0.553,0.737,2018
Estonia,Central and Eastern Europe,6.189,1.344,0.119,1.079,0.641,0.64,2021
Estonia,Central and Eastern Europe,6.022,1.192,0.125,1.453,0.577,0.843,2020
Estonia,Central and Eastern Europe,6.341,1.793,0.123,1.232,0.689,0.728,2022
Eswantini,Sub-Saharan Africa,4.308,0.849,0.067,0.693,0.323,0.074,2021
Eswantini,Sub-Saharan Africa,4.212,0.811,0.074,1.149,0.313,0.587,2019
Eswantini,Sub-Saharan Africa,4.867,0.712,0.183,1.073,0.307,0.076,2015
Eswantini,Sub-Saharan Africa,4.308,0.828,0.067,1.065,0.3,0.216,2020
Eswatini,Sub-Saharan Africa,4.396,1.274,0.038,0.786,0.259,0.197,2022
Ethiopia,Sub-Saharan Africa,4.508,0.293,0.295,0.379,0.367,0.346,2016
Ethiopia,Sub-Saharan Africa,4.241,0.788,0.205,0.809,0.472,0.457,2022
Ethiopia,Sub-Saharan Africa,4.091,0.793,0.283,1.114,0.451,0.25,2023
Ethiopia,Sub-Saharan Africa,4.512,0.191,0.243,0.604,0.434,0.441,2015
Ethiopia,Sub-Saharan Africa,4.275,0.37,0.241,0.679,0.451,0.331,2021
Ethiopia,Sub-Saharan Africa,4.35,0.308,0.22,0.95,0.452,0.391,2018
Ethiopia,Sub-Saharan Africa,4.46,0.339,0.313,0.865,0.409,0.353,2017
Ethiopia,Sub-Saharan Africa,4.286,0.336,0.209,1.033,0.344,0.532,2019
Ethiopia,Sub-Saharan Africa,4.186,0.315,0.228,1.001,0.413,0.484,2020
Finland,Western Europe,7.632,1.305,0.202,1.592,0.681,0.874,2018
Finland,Western Europe,7.406,1.29,0.234,1.318,0.642,0.889,2015
Finland,Western Europe,7.821,1.892,0.109,1.258,0.736,0.775,2022
Finland,Western Europe,7.842,1.446,0.124,1.106,0.691,0.741,2021
Finland,Western Europe,7.809,1.285,0.16,1.5,0.662,0.961,2020
Finland,Western Europe,7.769,1.34,0.153,1.587,0.596,0.986,2019
Finland,Western Europe,7.413,1.406,0.255,1.135,0.571,0.811,2016
Finland,Western Europe,7.469,1.444,0.245,1.54,0.618,0.809,2017
Finland,Western Europe,7.804,1.888,0.126,1.585,0.772,0.535,2023
France,Western Europe,6.575,1.278,0.123,1.26,0.55,0.946,2015
France,Western Europe,6.489,1.293,0.098,1.466,0.52,0.908,2018
France,Western Europe,6.478,1.395,0.122,1.005,0.466,0.838,2016
France,Western Europe,6.442,1.431,0.13,1.388,0.47,0.844,2017
France,Western Europe,6.661,1.856,0.083,1.433,0.582,0.566,2023
France,Western Europe,6.687,1.863,0.07,1.219,0.567,0.808,2022
France,Western Europe,6.664,1.268,0.113,1.459,0.514,1.03,2020
France,Western Europe,6.69,1.421,0.092,1.081,0.536,0.804,2021
France,Western Europe,6.592,1.324,0.111,1.472,0.436,1.045,2019
Gabon,Sub-Saharan Africa,4.799,1.057,0.043,1.183,0.295,0.571,2019
Gabon,Sub-Saharan Africa,4.958,1.459,0.032,0.738,0.343,0.396,2022
Gabon,Sub-Saharan Africa,5.035,1.438,0.036,1.021,0.346,0.183,2023
Gabon,Sub-Saharan Africa,4.852,1.037,0.058,0.707,0.424,0.362,2021
Gabon,Sub-Saharan Africa,4.758,1.036,0.032,1.164,0.356,0.404,2018
Gabon,Sub-Saharan Africa,4.829,0.988,0.052,1.106,0.369,0.523,2020
Gabon,Sub-Saharan Africa,4.121,1.159,0.062,0.724,0.281,0.349,2016
Gabon,Sub-Saharan Africa,3.896,1.06,0.068,0.905,0.319,0.434,2015
Gabon,Sub-Saharan Africa,4.465,1.198,0.044,1.156,0.312,0.357,2017
Gambia,Sub-Saharan Africa,4.751,0.257,0.426,0.883,0.403,0.353,2020
Gambia,Sub-Saharan Africa,4.279,0.761,0.332,0.614,0.286,0.174,2023
Gambia,Sub-Saharan Africa,5.051,0.367,0.465,0.511,0.384,0.21,2021
Gambia,Sub-Saharan Africa,4.516,0.308,0.269,0.939,0.382,0.428,2019
Gambia,Sub-Saharan Africa,5.164,0.785,0.388,0.621,0.367,0.369,2022
Georgia,Central and Eastern Europe,4.286,0.951,0.054,0.571,0.309,0.65,2017
Georgia,Central and Eastern Europe,4.297,0.742,0.055,0.386,0.406,0.729,2015
Georgia,Central and Eastern Europe,4.973,1.467,0.198,0.612,0.508,0.595,2022
Georgia,Central and Eastern Europe,4.252,0.838,0.068,0.192,0.325,0.64,2016
Georgia,Central and Eastern Europe,4.519,0.886,0.043,0.666,0.346,0.752,2019
Georgia,Central and Eastern Europe,4.891,1.03,0.032,0.47,0.488,0.498,2021
Georgia,Central and Eastern Europe,5.109,1.477,0.198,0.947,0.539,0.366,2023
Georgia,Central and Eastern Europe,4.673,0.847,0.048,0.731,0.485,0.695,2020
Georgia,Central and Eastern Europe,4.34,0.853,0.038,0.592,0.375,0.643,2018
Germany,Western Europe,6.75,1.328,0.282,1.299,0.615,0.892,2015
Germany,Western Europe,7.155,1.48,0.195,0.993,0.6,0.757,2021
Germany,Western Europe,6.892,1.919,0.153,1.401,0.618,0.539,2023
Germany,Western Europe,7.076,1.314,0.252,1.369,0.564,0.972,2020
Germany,Western Europe,6.985,1.373,0.261,1.454,0.495,0.987,2019
Germany,Western Europe,6.951,1.488,0.336,1.473,0.563,0.799,2017
Germany,Western Europe,7.034,1.924,0.163,1.088,0.585,0.776,2022
Germany,Western Europe,6.994,1.448,0.305,1.098,0.535,0.815,2016
Germany,Western Europe,6.965,1.34,0.273,1.474,0.586,0.861,2018
Ghana,Sub-Saharan Africa,4.605,1.101,0.211,0.756,0.526,0.197,2023
Ghana,Sub-Saharan Africa,4.657,0.592,0.212,0.896,0.499,0.337,2018
Ghana,Sub-Saharan Africa,5.088,0.68,0.268,0.595,0.517,0.287,2021
Ghana,Sub-Saharan Africa,4.996,0.611,0.245,0.868,0.381,0.486,2019
Ghana,Sub-Saharan Africa,4.872,1.112,0.23,0.595,0.5,0.409,2022
Ghana,Sub-Saharan Africa,5.148,0.576,0.261,0.966,0.477,0.432,2020
Ghana,Sub-Saharan Africa,4.276,0.631,0.212,0.494,0.41,0.297,2016
Ghana,Sub-Saharan Africa,4.633,0.546,0.231,0.68,0.423,0.401,2015
Ghana,Sub-Saharan Africa,4.12,0.667,0.257,0.874,0.423,0.296,2017
Greece,Western Europe,5.948,1.703,0.015,0.98,0.249,0.774,2022
Greece,Western Europe,5.287,1.181,0.198,1.156,0.067,0.999,2019
Greece,Western Europe,5.931,1.708,0.008,1.247,0.248,0.535,2023
Greece,Western Europe,5.358,1.154,0.198,1.202,0.131,0.879,2018
Greece,Western Europe,5.515,1.128,0.198,1.169,0.174,0.979,2020
Greece,Western Europe,4.857,1.154,0.198,0.929,0.077,0.882,2015
Greece,Western Europe,5.227,1.289,0.198,1.239,0.096,0.81,2017
Greece,Western Europe,5.033,1.249,0.198,0.755,0.058,0.8,2016
Greece,Western Europe,5.723,1.273,0.198,0.811,0.243,0.76,2021
Guatemala,Latin America and Caribbean,6.435,0.845,0.163,0.79,0.638,0.519,2021
Guatemala,Latin America and Caribbean,6.436,0.8,0.175,1.269,0.535,0.746,2019
Guatemala,Latin America and Caribbean,6.324,0.835,0.288,0.871,0.504,0.54,2016
Guatemala,Latin America and Caribbean,6.399,0.754,0.171,1.174,0.613,0.706,2020
Guatemala,Latin America and Caribbean,6.382,0.781,0.179,1.268,0.604,0.608,2018
Guatemala,Latin America and Caribbean,6.454,0.872,0.283,1.256,0.531,0.54,2017
Guatemala,Latin America and Caribbean,6.15,1.287,0.106,1.188,0.631,0.31,2023
Guatemala,Latin America and Caribbean,6.123,0.746,0.275,1.044,0.577,0.644,2015
Guatemala,Latin America and Caribbean,6.262,1.274,0.112,0.831,0.662,0.522,2022
Guinea,Sub-Saharan Africa,3.964,0.344,0.185,0.792,0.394,0.211,2018
Guinea,Sub-Saharan Africa,4.534,0.38,0.207,0.829,0.332,0.375,2019
Guinea,Sub-Saharan Africa,3.507,0.245,0.265,0.791,0.349,0.194,2017
Guinea,Sub-Saharan Africa,4.891,0.848,0.214,0.566,0.334,0.275,2022
Guinea,Sub-Saharan Africa,4.949,0.39,0.249,0.751,0.372,0.334,2020
Guinea,Sub-Saharan Africa,4.984,0.42,0.25,0.399,0.384,0.206,2021
Guinea,Sub-Saharan Africa,5.072,0.844,0.204,0.776,0.369,0.072,2023
Guinea,Sub-Saharan Africa,3.656,0.174,0.287,0.465,0.377,0.24,2015
Guinea,Sub-Saharan Africa,3.607,0.224,0.299,0.311,0.31,0.188,2016
Haiti,Latin America and Caribbean,3.615,0.294,0.463,0.173,0.257,0.227,2021
Haiti,Latin America and Caribbean,4.518,0.267,0.462,0.743,0.244,0.388,2015
Haiti,Latin America and Caribbean,3.721,0.285,0.464,0.647,0.169,0.374,2020
Haiti,Latin America and Caribbean,3.597,0.323,0.419,0.688,0.026,0.449,2019
Haiti,Latin America and Caribbean,3.582,0.315,0.392,0.714,0.025,0.289,2018
Haiti,Latin America and Caribbean,3.603,0.369,0.489,0.64,0.03,0.277,2017
Haiti,Latin America and Caribbean,4.028,0.341,0.48,0.296,0.121,0.275,2016
Honduras,Latin America and Caribbean,6.022,1.111,0.202,0.885,0.582,0.555,2022
Honduras,Latin America and Caribbean,5.504,0.62,0.197,1.205,0.459,0.622,2018
Honduras,Latin America and Caribbean,5.181,0.731,0.236,1.144,0.348,0.583,2017
Honduras,Latin America and Caribbean,4.788,0.595,0.23,0.953,0.401,0.695,2015
Honduras,Latin America and Caribbean,5.919,0.703,0.241,0.787,0.578,0.593,2021
Honduras,Latin America and Caribbean,5.86,0.642,0.246,1.236,0.507,0.828,2019
Honduras,Latin America and Caribbean,6.023,1.115,0.189,1.072,0.613,0.341,2023
Honduras,Latin America and Caribbean,5.953,0.599,0.257,1.187,0.568,0.792,2020
Honduras,Latin America and Caribbean,4.871,0.694,0.204,0.756,0.268,0.584,2016
Hong Kong S.A.R. of China,East Asia,5.472,1.552,0.374,1.263,0.491,0.943,2017
Hong Kong S.A.R. of China,East Asia,5.308,1.951,0.123,1.201,0.407,0.702,2023
Hong Kong S.A.R. of China,East Asia,5.477,1.525,0.232,0.841,0.408,0.893,2021
Hong Kong S.A.R. of China,East Asia,5.474,1.386,0.395,1.058,0.596,1.013,2015
Hong Kong S.A.R. of China,East Asia,5.458,1.511,0.401,0.87,0.481,0.953,2016
Hong Kong S.A.R. of China,East Asia,5.425,1.957,0.147,0.954,0.4,0.942,2022
Hong Kong S.A.R. of China,East Asia,5.43,1.438,0.258,1.277,0.44,1.122,2019
Hong Kong S.A.R. of China,East Asia,5.43,1.405,0.246,1.29,0.524,1.03,2018
Hong Kong S.A.R. of China,East Asia,5.51,1.377,0.288,1.244,0.459,1.137,2020
Hungary,Central and Eastern Europe,5.758,1.201,0.081,1.41,0.199,0.828,2019
Hungary,Central and Eastern Europe,6.041,1.754,0.105,1.519,0.501,0.435,2023
Hungary,Central and Eastern Europe,5.145,1.241,0.099,0.932,0.198,0.676,2016
Hungary,Central and Eastern Europe,6.086,1.748,0.078,1.233,0.485,0.668,2022
Hungary,Central and Eastern Europe,5.324,1.286,0.078,1.343,0.176,0.688,2017
Hungary,Central and Eastern Europe,5.62,1.171,0.061,1.401,0.259,0.732,2018
Hungary,Central and Eastern Europe,4.8,1.121,0.128,1.202,0.321,0.759,2015
Hungary,Central and Eastern Europe,6.0,1.164,0.07,1.423,0.386,0.807,2020
Hungary,Central and Eastern Europe,5.992,1.301,0.067,1.083,0.454,0.615,2021
Iceland,Western Europe,7.501,1.427,0.477,1.183,0.566,0.867,2016
Iceland,Western Europe,7.557,1.936,0.27,1.32,0.718,0.803,2022
Iceland,Western Europe,7.494,1.38,0.354,1.624,0.591,1.026,2019
Iceland,Western Europe,7.495,1.343,0.353,1.644,0.677,0.914,2018
Iceland,Western Europe,7.554,1.482,0.293,1.172,0.698,0.772,2021
Iceland,Western Europe,7.504,1.327,0.362,1.548,0.662,1.001,2020
Iceland,Western Europe,7.561,1.302,0.436,1.402,0.629,0.948,2015
Iceland,Western Europe,7.53,1.926,0.25,1.62,0.738,0.559,2023
Iceland,Western Europe,7.504,1.481,0.476,1.611,0.627,0.834,2017
India,South Asia,4.19,0.721,0.172,0.747,0.539,0.485,2018
India,South Asia,4.315,0.792,0.232,0.754,0.47,0.455,2017
India,South Asia,4.015,0.755,0.2,0.765,0.498,0.588,2019
India,South Asia,3.573,0.731,0.237,0.644,0.581,0.541,2020
India,South Asia,3.819,0.741,0.246,0.316,0.622,0.383,2021
India,South Asia,4.404,0.74,0.25,0.292,0.403,0.451,2016
India,South Asia,4.565,0.645,0.265,0.382,0.398,0.515,2015
India,South Asia,4.036,1.159,0.175,0.674,0.685,0.252,2023
India,South Asia,3.777,1.167,0.198,0.376,0.647,0.471,2022
Indonesia,Southeast Asia,5.093,0.899,0.484,1.215,0.538,0.522,2018
Indonesia,Southeast Asia,5.277,1.384,0.422,1.169,0.663,0.314,2023
Indonesia,Southeast Asia,5.286,0.892,0.543,1.155,0.568,0.61,2020
Indonesia,Southeast Asia,5.399,0.828,0.515,1.087,0.466,0.638,2015
Indonesia,Southeast Asia,5.192,0.931,0.498,1.203,0.491,0.66,2019
Indonesia,Southeast Asia,5.24,1.382,0.468,0.883,0.62,0.539,2022
Indonesia,Southeast Asia,5.314,0.951,0.565,0.876,0.392,0.494,2016
Indonesia,Southeast Asia,5.262,0.996,0.612,1.274,0.443,0.492,2017
Indonesia,Southeast Asia,5.345,0.954,0.541,0.786,0.598,0.433,2021
Iran,Middle East and North Africa,4.888,1.41,0.241,0.741,0.281,0.642,2022
Iran,Middle East and North Africa,4.672,1.029,0.277,0.886,0.301,0.749,2020
Iran,Middle East and North Africa,4.876,1.465,0.229,1.102,0.281,0.411,2023
Iran,Middle East and North Africa,4.721,1.03,0.33,0.557,0.275,0.561,2021
Iran,Middle East and North Africa,4.548,1.1,0.27,0.842,0.305,0.785,2019
Iran,Middle East and North Africa,4.692,1.157,0.387,0.712,0.249,0.639,2017
Iran,Middle East and North Africa,4.686,1.009,0.381,0.544,0.3,0.698,2015
Iran,Middle East and North Africa,4.707,1.059,0.282,0.771,0.459,0.691,2018
Iran,Middle East and North Africa,4.813,1.118,0.385,0.389,0.225,0.642,2016
Iraq,Middle East and North Africa,4.941,1.281,0.134,0.953,0.351,0.324,2023
Iraq,Middle East and North Africa,4.785,0.982,0.153,1.011,0.284,0.529,2020
Iraq,Middle East and North Africa,4.575,1.075,0.196,0.592,0.249,0.511,2016
Iraq,Middle East and North Africa,4.941,1.289,0.147,0.682,0.328,0.554,2022
Iraq,Middle East and North Africa,4.677,0.985,0.179,0.819,0.454,0.602,2015
Iraq,Middle East and North Africa,4.854,0.91,0.153,0.638,0.302,0.381,2021
Iraq,Middle East and North Africa,4.497,1.103,0.2,0.979,0.289,0.501,2017
Iraq,Middle East and North Africa,4.456,1.01,0.148,0.971,0.304,0.536,2018
Iraq,Middle East and North Africa,4.437,1.043,0.148,0.98,0.241,0.574,2019
Ireland,Western Europe,7.085,1.644,0.238,1.092,0.606,0.753,2021
Ireland,Western Europe,6.977,1.536,0.428,1.558,0.573,0.81,2017
Ireland,Western Europe,7.094,1.447,0.295,1.471,0.588,0.976,2020
Ireland,Western Europe,6.94,1.336,0.459,1.369,0.618,0.895,2015
Ireland,Western Europe,6.911,2.152,0.186,1.425,0.656,0.539,2023
Ireland,Western Europe,7.041,2.129,0.19,1.166,0.627,0.779,2022
Ireland,Western Europe,6.977,1.448,0.307,1.583,0.614,0.876,2018
Ireland,Western Europe,6.907,1.483,0.45,1.162,0.54,0.815,2016
Ireland,Western Europe,7.021,1.499,0.298,1.553,0.516,0.999,2019
Israel,Middle East and North Africa,7.157,1.376,0.208,1.074,0.509,0.788,2021
Israel,Middle East and North Africa,7.139,1.276,0.261,1.455,0.371,1.029,2019
Israel,Middle East and North Africa,7.473,1.833,0.124,1.521,0.569,0.577,2023
Israel,Middle East and North Africa,7.213,1.375,0.33,1.376,0.406,0.838,2017
Israel,Middle East and North Africa,7.267,1.338,0.323,0.995,0.364,0.849,2016
Israel,Middle East and North Africa,7.129,1.216,0.267,1.403,0.421,1.008,2020
Israel,Middle East and North Africa,7.278,1.229,0.332,1.224,0.413,0.914,2015
Israel,Middle East and North Africa,7.364,1.826,0.155,1.221,0.568,0.818,2022
Israel,Middle East and North Africa,6.814,1.301,0.354,1.559,0.533,0.883,2018
Italy,Western Europe,5.977,1.355,0.167,1.042,0.188,0.851,2016
Italy,Western Europe,6.467,1.834,0.085,1.052,0.412,0.801,2022
Italy,Western Europe,5.964,1.395,0.173,1.445,0.256,0.853,2017
Italy,Western Europe,6.405,1.832,0.097,1.365,0.438,0.559,2023
Italy,Western Europe,5.948,1.251,0.228,1.198,0.262,0.954,2015
Italy,Western Europe,6.0,1.264,0.137,1.501,0.281,0.946,2018
Italy,Western Europe,6.223,1.294,0.158,1.488,0.231,1.039,2019
Italy,Western Europe,6.387,1.236,0.17,1.347,0.321,1.023,2020
Italy,Western Europe,6.483,1.393,0.133,0.94,0.379,0.798,2021
Ivory Coast,Sub-Saharan Africa,4.18,0.603,0.201,0.905,0.448,0.049,2017
Ivory Coast,Sub-Saharan Africa,5.053,1.094,0.138,0.584,0.467,0.12,2023
Ivory Coast,Sub-Saharan Africa,5.235,1.094,0.149,0.442,0.451,0.322,2022
Ivory Coast,Sub-Saharan Africa,3.655,0.465,0.202,0.771,0.469,0.152,2015
Ivory Coast,Sub-Saharan Africa,4.944,0.569,0.154,0.808,0.352,0.232,2019
Ivory Coast,Sub-Saharan Africa,5.306,0.669,0.177,0.409,0.438,0.052,2021
Ivory Coast,Sub-Saharan Africa,4.671,0.541,0.146,0.872,0.467,0.08,2018
Ivory Coast,Sub-Saharan Africa,5.233,0.537,0.17,0.8,0.397,0.155,2020
Ivory Coast,Sub-Saharan Africa,3.916,0.555,0.203,0.576,0.407,0.045,2016
Jamaica,Latin America and Caribbean,5.703,1.305,0.079,1.329,0.587,0.411,2023
Jamaica,Latin America and Caribbean,5.85,1.296,0.08,1.045,0.567,0.646,2022
Jamaica,Latin America and Caribbean,5.709,0.81,0.212,1.151,0.504,0.687,2015
Jamaica,Latin America and Caribbean,5.89,0.831,0.107,1.478,0.49,0.831,2019
Jamaica,Latin America and Caribbean,6.309,0.891,0.099,0.932,0.618,0.599,2021
Jamaica,Latin America and Caribbean,5.89,0.779,0.116,1.408,0.553,0.788,2020
Jamaica,Latin America and Caribbean,5.311,0.926,0.234,1.368,0.474,0.641,2017
Jamaica,Latin America and Caribbean,5.51,0.893,0.222,0.964,0.436,0.595,2016
Jamaica,Latin America and Caribbean,5.89,0.819,0.096,1.493,0.575,0.693,2018
Japan,East Asia,6.129,1.825,0.009,1.396,0.556,0.622,2023
Japan,East Asia,5.871,1.267,0.036,1.332,0.495,1.073,2020
Japan,East Asia,6.039,1.835,0.007,1.089,0.537,0.866,2022
Japan,East Asia,5.94,1.389,0.02,0.949,0.504,0.838,2021
Japan,East Asia,5.886,1.327,0.069,1.419,0.445,1.088,2019
Japan,East Asia,5.92,1.417,0.121,1.436,0.506,0.913,2017
Japan,East Asia,5.915,1.294,0.079,1.462,0.553,0.988,2018
Japan,East Asia,5.921,1.38,0.102,1.061,0.468,0.915,2016
Japan,East Asia,5.987,1.271,0.107,1.257,0.496,0.991,2015
Jordan,Middle East and North Africa,5.192,0.902,0.111,1.054,0.407,0.696,2015
Jordan,Middle East and North Africa,5.336,0.991,0.172,1.239,0.418,0.605,2017
Jordan,Middle East and North Africa,4.152,1.324,0.058,0.724,0.476,0.675,2022
Jordan,Middle East and North Africa,5.303,0.997,0.143,0.862,0.36,0.607,2016
Jordan,Middle East and North Africa,5.161,0.822,0.13,1.265,0.468,0.645,2018
Jordan,Middle East and North Africa,4.906,0.837,0.11,1.225,0.383,0.815,2019
Jordan,Middle East and North Africa,4.633,0.785,0.091,1.14,0.425,0.778,2020
Jordan,Middle East and North Africa,4.12,1.292,0.056,0.98,0.517,0.438,2023
Jordan,Middle East and North Africa,4.395,0.89,0.079,0.685,0.455,0.583,2021
Kazakhstan,Commonwealth of Independent States,6.144,1.664,0.136,1.491,0.628,0.389,2023
Kazakhstan,Commonwealth of Independent States,5.809,1.173,0.146,1.508,0.41,0.729,2019
Kazakhstan,Commonwealth of Independent States,5.79,1.143,0.148,1.516,0.454,0.631,2018
Kazakhstan,Commonwealth of Independent States,6.234,1.668,0.134,1.22,0.584,0.611,2022
Kazakhstan,Commonwealth of Independent States,6.058,1.123,0.154,1.453,0.497,0.699,2020
Kazakhstan,Commonwealth of Independent States,5.855,1.123,0.118,1.122,0.516,0.644,2015
Kazakhstan,Commonwealth of Independent States,5.919,1.229,0.15,0.955,0.405,0.574,2016
Kazakhstan,Commonwealth of Independent States,5.819,1.285,0.202,1.384,0.437,0.606,2017
Kazakhstan,Commonwealth of Independent States,6.152,1.23,0.143,1.103,0.573,0.527,2021
Kenya,Sub-Saharan Africa,4.553,0.56,0.445,1.068,0.453,0.31,2017
Kenya,Sub-Saharan Africa,4.356,0.523,0.413,0.762,0.406,0.301,2016
Kenya,Sub-Saharan Africa,4.543,1.032,0.322,0.605,0.44,0.401,2022
Kenya,Sub-Saharan Africa,4.487,1.051,0.291,0.881,0.418,0.19,2023
Kenya,Sub-Saharan Africa,4.419,0.365,0.375,0.999,0.422,0.414,2015
Kenya,Sub-Saharan Africa,4.583,0.476,0.394,0.905,0.519,0.536,2020
Kenya,Sub-Saharan Africa,4.41,0.493,0.352,1.048,0.504,0.454,2018
Kenya,Sub-Saharan Africa,4.607,0.603,0.375,0.508,0.483,0.385,2021
Kenya,Sub-Saharan Africa,4.509,0.512,0.372,0.983,0.431,0.581,2019
Kosovo,Central and Eastern Europe,6.368,1.374,0.275,1.269,0.639,0.372,2023
Kosovo,Central and Eastern Europe,6.455,1.362,0.309,0.949,0.599,0.569,2022
Kosovo,Central and Eastern Europe,5.279,0.951,0.32,1.138,0.26,0.541,2017
Kosovo,Central and Eastern Europe,5.401,0.901,0.28,0.661,0.144,0.54,2016
Kosovo,Central and Eastern Europe,6.372,0.937,0.356,0.807,0.593,0.483,2021
Kosovo,Central and Eastern Europe,6.325,0.84,0.325,1.184,0.557,0.673,2020
Kosovo,Central and Eastern Europe,5.589,0.801,0.283,0.812,0.247,0.631,2015
Kosovo,Central and Eastern Europe,6.1,0.882,0.262,1.232,0.489,0.758,2019
Kosovo,Central and Eastern Europe,5.662,0.855,0.274,1.23,0.448,0.578,2018
Kuwait,Middle East and North Africa,6.102,1.425,0.133,1.245,0.57,0.776,2020
Kuwait,Middle East and North Africa,6.021,1.5,0.142,1.319,0.493,0.808,2019
Kuwait,Middle East and North Africa,6.106,1.461,0.12,0.857,0.591,0.58,2021
Kuwait,Middle East and North Africa,6.083,1.474,0.167,1.301,0.554,0.675,2018
Kuwait,Middle East and North Africa,6.295,1.554,0.162,1.166,0.555,0.725,2015
Kuwait,Middle East and North Africa,6.106,1.904,0.087,0.983,0.617,0.747,2022
Kuwait,Middle East and North Africa,6.105,1.633,0.228,1.26,0.496,0.632,2017
Kuwait,Middle East and North Africa,6.239,1.617,0.16,0.878,0.432,0.636,2016
Kyrgyzstan,Commonwealth of Independent States,5.825,1.061,0.234,1.439,0.735,0.417,2023
Kyrgyzstan,Commonwealth of Independent States,5.004,0.596,0.429,1.394,0.455,0.553,2017
Kyrgyzstan,Commonwealth of Independent States,5.542,0.513,0.301,1.341,0.615,0.681,2020
Kyrgyzstan,Commonwealth of Independent States,5.286,0.474,0.3,1.151,0.435,0.651,2015
Kyrgyzstan,Commonwealth of Independent States,5.261,0.551,0.3,1.438,0.508,0.723,2019
Kyrgyzstan,Commonwealth of Independent States,5.185,0.56,0.384,0.954,0.402,0.554,2016
Kyrgyzstan,Commonwealth of Independent States,5.828,1.069,0.208,1.109,0.693,0.638,2022
Kyrgyzstan,Commonwealth of Independent States,5.744,0.665,0.266,0.971,0.673,0.501,2021
Kyrgyzstan,Commonwealth of Independent States,5.131,0.53,0.281,1.416,0.54,0.594,2018
Laos,Southeast Asia,4.623,0.72,0.23,1.034,0.626,0.441,2018
Laos,Southeast Asia,4.876,0.591,0.422,0.738,0.596,0.549,2015
Laos,Southeast Asia,5.03,0.808,0.268,0.598,0.643,0.33,2021
Laos,Southeast Asia,4.876,0.68,0.431,0.55,0.522,0.383,2016
Laos,Southeast Asia,4.889,0.715,0.273,0.987,0.612,0.486,2020
Laos,Southeast Asia,5.111,1.232,0.185,0.853,0.715,0.257,2023
Laos,Southeast Asia,5.14,1.239,0.197,0.654,0.679,0.479,2022
Laos,Southeast Asia,4.796,0.764,0.266,1.03,0.547,0.551,2019
Latvia,Central and Eastern Europe,6.213,1.737,0.107,1.505,0.58,0.405,2023
Latvia,Central and Eastern Europe,6.032,1.285,0.082,1.047,0.405,0.587,2021
Latvia,Central and Eastern Europe,5.94,1.187,0.075,1.465,0.264,0.812,2019
Latvia,Central and Eastern Europe,5.56,1.218,0.174,0.95,0.28,0.64,2016
Latvia,Central and Eastern Europe,5.098,1.113,0.182,1.096,0.297,0.724,2015
Latvia,Central and Eastern Europe,5.933,1.148,0.092,1.454,0.363,0.671,2018
Latvia,Central and Eastern Europe,6.18,1.732,0.075,1.221,0.502,0.637,2022
Latvia,Central and Eastern Europe,5.85,1.261,0.153,1.405,0.326,0.639,2017
Latvia,Central and Eastern Europe,5.95,1.141,0.075,1.414,0.329,0.778,2020
Lebanon,Middle East and North Africa,2.392,1.417,0.061,0.476,0.123,0.398,2023
Lebanon,Middle East and North Africa,5.129,1.123,0.237,0.642,0.262,0.762,2016
Lebanon,Middle East and North Africa,2.955,1.392,0.082,0.498,0.103,0.631,2022
Lebanon,Middle East and North Africa,5.358,0.965,0.214,1.179,0.503,0.785,2018
Lebanon,Middle East and North Africa,5.225,1.075,0.264,1.13,0.289,0.735,2017
Lebanon,Middle East and North Africa,4.839,1.026,0.219,0.8,0.339,0.839,2015
Lebanon,Middle East and North Africa,5.197,0.987,0.166,1.224,0.216,0.815,2019
Lebanon,Middle East and North Africa,4.772,0.889,0.159,1.192,0.186,0.789,2020
Lebanon,Middle East and North Africa,4.584,1.045,0.14,0.868,0.175,0.595,2021
Lesotho,Sub-Saharan Africa,3.512,0.451,0.103,0.731,0.405,0.007,2021
Lesotho,Sub-Saharan Africa,3.808,0.472,0.116,1.215,0.423,0.079,2018
Lesotho,Sub-Saharan Africa,3.802,0.489,0.107,1.169,0.359,0.168,2019
Lesotho,Sub-Saharan Africa,4.898,0.375,0.164,1.041,0.318,0.076,2015
Lesotho,Sub-Saharan Africa,3.653,0.455,0.103,1.089,0.409,0.101,2020
Lesotho,Sub-Saharan Africa,3.512,0.839,0.076,0.848,0.419,0.587,2022
Lesotho,Sub-Saharan Africa,3.808,0.521,0.157,1.19,0.391,0.587,2017
Liberia,Sub-Saharan Africa,3.495,0.076,0.206,0.858,0.419,0.267,2018
Liberia,Sub-Saharan Africa,4.571,0.071,0.244,0.79,0.285,0.342,2015
Liberia,Sub-Saharan Africa,3.622,0.107,0.241,0.504,0.257,0.232,2016
Liberia,Sub-Saharan Africa,4.625,0.228,0.221,0.58,0.43,0.253,2021
Liberia,Sub-Saharan Africa,5.122,0.636,0.178,0.67,0.405,0.309,2022
Liberia,Sub-Saharan Africa,4.042,0.628,0.219,0.644,0.471,0.141,2023
Liberia,Sub-Saharan Africa,3.975,0.073,0.233,0.922,0.37,0.443,2019
Liberia,Sub-Saharan Africa,3.533,0.119,0.267,0.872,0.333,0.23,2017
Liberia,Sub-Saharan Africa,4.558,0.174,0.227,0.921,0.406,0.392,2020
Libya,Middle East and North Africa,5.41,1.044,0.131,0.821,0.474,0.435,2021
Libya,Middle East and North Africa,5.615,1.067,0.171,0.951,0.407,0.523,2016
Libya,Middle East and North Africa,5.754,1.131,0.183,1.119,0.417,0.704,2015
Libya,Middle East and North Africa,5.525,1.102,0.152,1.358,0.466,0.52,2017
Libya,Middle East and North Africa,5.33,1.476,0.106,0.943,0.477,0.606,2022
Libya,Middle East and North Africa,5.489,1.022,0.143,1.196,0.451,0.616,2020
Libya,Middle East and North Africa,5.566,0.985,0.116,1.35,0.496,0.553,2018
Libya,Middle East and North Africa,5.525,1.044,0.133,1.303,0.416,0.673,2019
Lithuania,Central and Eastern Europe,5.902,1.315,0.01,1.474,0.234,0.629,2017
Lithuania,Central and Eastern Europe,6.446,1.804,0.053,1.204,0.496,0.659,2022
Lithuania,Central and Eastern Europe,6.255,1.35,0.056,1.065,0.476,0.612,2021
Lithuania,Central and Eastern Europe,6.215,1.194,0.054,1.433,0.42,0.795,2020
Lithuania,Central and Eastern Europe,5.952,1.197,0.026,1.527,0.35,0.716,2018
Lithuania,Central and Eastern Europe,5.813,1.269,0.02,1.064,0.189,0.647,2016
Lithuania,Central and Eastern Europe,6.763,1.808,0.059,1.511,0.487,0.432,2023
Lithuania,Central and Eastern Europe,6.149,1.238,0.043,1.515,0.291,0.818,2019
Lithuania,Central and Eastern Europe,5.833,1.147,0.026,1.257,0.213,0.731,2015
Luxembourg,Western Europe,6.946,1.564,0.28,1.22,0.616,0.919,2015
Luxembourg,Western Europe,7.09,1.609,0.194,1.479,0.526,1.012,2019
Luxembourg,Western Europe,7.324,1.751,0.166,1.003,0.639,0.76,2021
Luxembourg,Western Europe,6.871,1.698,0.276,1.04,0.549,0.845,2016
Luxembourg,Western Europe,6.863,1.742,0.283,1.458,0.597,0.845,2017
Luxembourg,Western Europe,7.228,2.2,0.149,1.357,0.71,0.549,2023
Luxembourg,Western Europe,7.404,2.209,0.12,1.155,0.7,0.79,2022
Luxembourg,Western Europe,7.238,1.537,0.196,1.388,0.61,0.986,2020
Luxembourg,Western Europe,6.91,1.576,0.196,1.52,0.632,0.896,2018
Madagascar,Sub-Saharan Africa,4.339,0.67,0.143,0.645,0.202,0.378,2022
Madagascar,Sub-Saharan Africa,4.166,0.245,0.191,0.824,0.193,0.501,2020
Madagascar,Sub-Saharan Africa,3.695,0.28,0.22,0.461,0.137,0.371,2016
Madagascar,Sub-Saharan Africa,3.933,0.274,0.169,0.916,0.148,0.555,2019
Madagascar,Sub-Saharan Africa,3.681,0.208,0.213,0.668,0.192,0.467,2015
Madagascar,Sub-Saharan Africa,3.644,0.306,0.209,0.913,0.189,0.375,2017
Madagascar,Sub-Saharan Africa,4.208,0.266,0.185,0.503,0.207,0.341,2021
Madagascar,Sub-Saharan Africa,3.774,0.262,0.155,0.908,0.221,0.402,2018
Madagascar,Sub-Saharan Africa,4.019,0.632,0.177,0.779,0.187,0.178,2023
Malawi,Sub-Saharan Africa,3.75,0.648,0.14,0.279,0.477,0.388,2022
Malawi,Sub-Saharan Africa,3.538,0.177,0.213,0.53,0.487,0.446,2020
Malawi,Sub-Saharan Africa,3.41,0.191,0.218,0.56,0.443,0.495,2019
Malawi,Sub-Saharan Africa,3.97,0.233,0.287,0.513,0.467,0.315,2017
Malawi,Sub-Saharan Africa,3.495,0.637,0.139,0.479,0.49,0.189,2023
Malawi,Sub-Saharan Africa,3.6,0.113,0.213,0.168,0.484,0.298,2021
Malawi,Sub-Saharan Africa,4.156,0.087,0.31,0.147,0.414,0.294,2016
Malawi,Sub-Saharan Africa,4.292,0.016,0.331,0.411,0.431,0.226,2015
Malawi,Sub-Saharan Africa,3.587,0.186,0.21,0.541,0.531,0.306,2018
Malaysia,Southeast Asia,5.339,1.221,0.26,1.171,0.508,0.828,2019
Malaysia,Southeast Asia,5.384,1.259,0.27,0.797,0.624,0.587,2021
Malaysia,Southeast Asia,6.005,1.251,0.415,0.88,0.39,0.624,2016
Malaysia,Southeast Asia,5.384,1.168,0.275,1.174,0.597,0.789,2020
Malaysia,Southeast Asia,6.012,1.665,0.222,1.155,0.659,0.385,2023
Malaysia,Southeast Asia,6.084,1.291,0.417,1.285,0.402,0.619,2017
Malaysia,Southeast Asia,6.322,1.161,0.311,1.258,0.356,0.669,2018
Malaysia,Southeast Asia,5.77,1.125,0.331,1.07,0.53,0.724,2015
Malaysia,Southeast Asia,5.711,1.689,0.213,0.938,0.654,0.62,2022
Maldives,South Asia,5.198,1.115,0.204,1.015,0.575,0.697,2021
Maldives,South Asia,5.198,0.938,0.224,1.402,0.548,0.914,2020
Mali,Sub-Saharan Africa,4.198,0.763,0.121,0.637,0.441,0.106,2023
Mali,Sub-Saharan Africa,4.39,0.385,0.153,1.105,0.327,0.308,2019
Mali,Sub-Saharan Africa,4.723,0.387,0.164,0.59,0.384,0.11,2021
Mali,Sub-Saharan Africa,4.19,0.476,0.183,1.281,0.307,0.169,2017
Mali,Sub-Saharan Africa,4.729,0.352,0.17,0.973,0.378,0.235,2020
Mali,Sub-Saharan Africa,4.447,0.37,0.139,1.233,0.367,0.152,2018
Mali,Sub-Saharan Africa,3.995,0.261,0.188,1.035,0.389,0.206,2015
Mali,Sub-Saharan Africa,4.073,0.313,0.211,0.863,0.275,0.163,2016
Mali,Sub-Saharan Africa,4.479,0.792,0.128,0.483,0.35,0.311,2022
Malta,Western Europe,6.773,1.253,0.341,1.443,0.633,0.972,2020
Malta,Western Europe,6.3,1.841,0.2,1.468,0.671,0.547,2023
Malta,Western Europe,6.447,1.838,0.174,1.169,0.679,0.789,2022
Malta,Western Europe,6.488,1.308,0.562,1.099,0.55,0.803,2016
Malta,Western Europe,6.726,1.3,0.375,1.52,0.564,0.999,2019
Malta,Western Europe,6.527,1.343,0.575,1.488,0.589,0.822,2017
Malta,Western Europe,6.627,1.27,0.376,1.525,0.645,0.884,2018
Malta,Western Europe,6.602,1.411,0.275,1.055,0.664,0.747,2021
Malta,Western Europe,6.302,1.207,0.518,1.302,0.604,0.887,2015
Mauritania,Sub-Saharan Africa,4.375,0.54,0.129,1.113,0.186,0.425,2020
Mauritania,Sub-Saharan Africa,4.724,1.099,0.13,0.764,0.32,0.244,2023
Mauritania,Sub-Saharan Africa,4.227,0.666,0.119,0.749,0.218,0.273,2021
Mauritania,Sub-Saharan Africa,4.153,1.1,0.088,0.865,0.304,0.45,2022
Mauritania,Sub-Saharan Africa,4.292,0.648,0.202,1.272,0.096,0.285,2017
Mauritania,Sub-Saharan Africa,4.436,0.454,0.219,0.869,0.242,0.359,2015
Mauritania,Sub-Saharan Africa,4.201,0.614,0.227,0.841,0.127,0.286,2016
Mauritania,Sub-Saharan Africa,4.356,0.557,0.134,1.245,0.129,0.292,2018
Mauritania,Sub-Saharan Africa,4.49,0.57,0.106,1.167,0.066,0.489,2019
Mauritius,Sub-Saharan Africa,5.477,1.008,0.377,0.985,0.561,0.71,2015
Mauritius,Sub-Saharan Africa,5.891,1.09,0.245,1.387,0.584,0.684,2018
Mauritius,Sub-Saharan Africa,5.629,1.189,0.361,1.21,0.491,0.638,2017
Mauritius,Sub-Saharan Africa,6.049,1.178,0.153,0.996,0.59,0.574,2021
Mauritius,Sub-Saharan Africa,6.071,1.591,0.131,1.116,0.589,0.568,2022
Mauritius,Sub-Saharan Africa,6.101,1.074,0.187,1.396,0.591,0.763,2020
Mauritius,Sub-Saharan Africa,5.902,1.589,0.121,1.382,0.574,0.336,2023
Mauritius,Sub-Saharan Africa,5.888,1.12,0.215,1.402,0.498,0.798,2019
Mauritius,Sub-Saharan Africa,5.648,1.144,0.37,0.757,0.461,0.662,2016
Mexico,Latin America and Caribbean,6.488,1.038,0.069,1.252,0.479,0.761,2018
Mexico,Latin America and Caribbean,7.187,1.021,0.141,0.915,0.482,0.814,2015
Mexico,Latin America and Caribbean,6.578,1.153,0.121,1.211,0.413,0.71,2017
Mexico,Latin America and Caribbean,6.128,1.552,0.092,0.886,0.621,0.623,2022
Mexico,Latin America and Caribbean,6.595,1.07,0.074,1.323,0.433,0.861,2019
Mexico,Latin America and Caribbean,6.465,1.024,0.083,1.226,0.554,0.832,2020
Mexico,Latin America and Caribbean,6.317,1.126,0.092,0.83,0.585,0.634,2021
Mexico,Latin America and Caribbean,6.33,1.55,0.086,1.169,0.632,0.389,2023
Mexico,Latin America and Caribbean,6.778,1.115,0.117,0.715,0.377,0.711,2016
Moldova,Central and Eastern Europe,5.608,0.708,0.174,1.237,0.39,0.713,2020
Moldova,Central and Eastern Europe,5.64,0.657,0.171,1.301,0.232,0.62,2018
Moldova,Central and Eastern Europe,5.857,1.417,0.102,1.008,0.561,0.597,2022
Moldova,Central and Eastern Europe,5.529,0.685,0.181,1.328,0.245,0.739,2019
Moldova,Central and Eastern Europe,5.766,0.985,0.137,0.888,0.536,0.542,2021
Moldova,Central and Eastern Europe,5.819,1.425,0.093,1.302,0.61,0.375,2023
Moldova,Central and Eastern Europe,5.897,0.692,0.2,0.831,0.252,0.523,2016
Moldova,Central and Eastern Europe,5.889,0.594,0.21,1.015,0.328,0.618,2015
Moldova,Central and Eastern Europe,5.838,0.729,0.209,1.252,0.241,0.589,2017
Mongolia,East Asia,4.874,0.828,0.332,1.301,0.436,0.603,2015
Mongolia,East Asia,5.84,1.379,0.239,1.494,0.425,0.244,2023
Mongolia,East Asia,5.761,1.393,0.247,1.197,0.398,0.467,2022
Mongolia,East Asia,5.125,0.914,0.253,1.517,0.395,0.575,2018
Mongolia,East Asia,4.955,1.027,0.338,1.493,0.394,0.558,2017
Mongolia,East Asia,4.907,0.989,0.345,1.09,0.36,0.555,2016
Mongolia,East Asia,5.456,0.905,0.264,1.459,0.356,0.616,2020
Mongolia,East Asia,5.677,0.966,0.263,1.065,0.397,0.442,2021
Mongolia,East Asia,5.285,0.948,0.235,1.531,0.317,0.667,2019
Montenegro,Central and Eastern Europe,5.161,1.078,0.172,0.742,0.151,0.635,2016
Montenegro,Central and Eastern Europe,5.192,0.974,0.161,0.906,0.183,0.725,2015
Montenegro,Central and Eastern Europe,5.722,1.537,0.17,1.385,0.563,0.424,2023
Montenegro,Central and Eastern Europe,5.347,1.017,0.111,1.279,0.259,0.729,2018
Montenegro,Central and Eastern Europe,5.523,1.051,0.142,1.361,0.197,0.871,2019
Montenegro,Central and Eastern Europe,5.547,1.573,0.135,1.023,0.46,0.659,2022
Montenegro,Central and Eastern Europe,5.237,1.121,0.198,1.238,0.195,0.667,2017
Montenegro,Central and Eastern Europe,5.581,1.155,0.166,0.891,0.397,0.637,2021
Montenegro,Central and Eastern Europe,5.546,1.01,0.149,1.266,0.303,0.839,2020
Morocco,Middle East and North Africa,5.151,0.841,0.041,0.386,0.256,0.595,2016
Morocco,Middle East and North Africa,4.903,1.236,0.013,0.535,0.54,0.337,2023
Morocco,Middle East and North Africa,4.918,0.792,0.034,0.219,0.477,0.558,2021
Morocco,Middle East and North Africa,5.208,0.801,0.036,0.782,0.418,0.782,2019
Morocco,Middle East and North Africa,5.235,0.878,0.032,0.775,0.408,0.598,2017
Morocco,Middle East and North Africa,5.095,0.759,0.04,0.645,0.45,0.745,2020
Morocco,Middle East and North Africa,5.06,1.208,0.02,0.268,0.492,0.565,2022
Morocco,Middle East and North Africa,5.254,0.779,0.026,0.797,0.46,0.669,2018
Morocco,Middle East and North Africa,5.013,0.735,0.072,0.641,0.417,0.61,2015
Mozambique,Sub-Saharan Africa,4.954,0.57,0.161,0.885,0.625,0.587,2023
Mozambique,Sub-Saharan Africa,4.971,0.083,0.223,1.026,0.34,0.091,2015
Mozambique,Sub-Saharan Africa,4.624,0.179,0.22,0.955,0.561,0.324,2020
Mozambique,Sub-Saharan Africa,4.466,0.204,0.197,0.986,0.494,0.39,2019
Mozambique,Sub-Saharan Africa,4.794,0.183,0.228,0.634,0.608,0.196,2021
Mozambique,Sub-Saharan Africa,5.048,0.578,0.185,0.66,0.593,0.191,2022
Mozambique,Sub-Saharan Africa,4.417,0.198,0.206,0.902,0.531,0.173,2018
Mozambique,Sub-Saharan Africa,4.55,0.234,0.322,0.871,0.481,0.107,2017
Myanmar,Southeast Asia,4.36,0.71,0.566,1.181,0.525,0.555,2019
Myanmar,Southeast Asia,4.395,0.341,0.82,0.7,0.427,0.399,2016
Myanmar,Southeast Asia,4.308,0.682,0.598,1.174,0.58,0.429,2018
Myanmar,Southeast Asia,4.394,1.038,0.452,0.829,0.513,0.491,2022
Myanmar,Southeast Asia,4.372,1.032,0.4,1.125,0.46,0.269,2023
Myanmar,Southeast Asia,4.426,0.666,0.52,0.713,0.601,0.341,2021
Myanmar,Southeast Asia,4.545,0.367,0.838,1.123,0.514,0.398,2017
Myanmar,Southeast Asia,4.308,0.678,0.57,1.098,0.597,0.495,2020
Myanmar,Southeast Asia,4.307,0.271,0.796,0.709,0.44,0.482,2015
Namibia,Sub-Saharan Africa,4.441,0.874,0.051,1.281,0.519,0.365,2018
Namibia,Sub-Saharan Africa,4.639,0.879,0.07,1.313,0.401,0.477,2019
Namibia,Sub-Saharan Africa,4.631,1.289,0.069,1.126,0.383,0.145,2023
Namibia,Sub-Saharan Africa,4.574,0.964,0.077,1.098,0.52,0.339,2017
Namibia,Sub-Saharan Africa,4.459,1.292,0.067,0.877,0.384,0.354,2022
Namibia,Sub-Saharan Africa,4.571,0.84,0.076,1.246,0.445,0.407,2020
Namibia,Sub-Saharan Africa,4.574,0.882,0.091,0.801,0.411,0.262,2021
Namibia,Sub-Saharan Africa,4.574,0.933,0.078,0.704,0.486,0.347,2016
Nepal,South Asia,4.88,0.425,0.302,1.228,0.526,0.539,2018
Nepal,South Asia,5.269,0.519,0.287,0.702,0.488,0.496,2021
Nepal,South Asia,4.793,0.446,0.382,0.697,0.37,0.501,2016
Nepal,South Asia,5.377,0.984,0.237,0.784,0.519,0.499,2022
Nepal,South Asia,5.36,0.979,0.215,1.027,0.567,0.281,2023
Nepal,South Asia,5.137,0.444,0.301,1.101,0.481,0.669,2020
Nepal,South Asia,4.913,0.446,0.285,1.226,0.439,0.677,2019
Nepal,South Asia,4.514,0.36,0.323,0.864,0.383,0.569,2015
Nepal,South Asia,4.962,0.48,0.394,1.179,0.44,0.504,2017
Netherlands,Western Europe,7.464,1.501,0.302,1.079,0.647,0.753,2021
Netherlands,Western Europe,7.488,1.396,0.322,1.522,0.557,0.999,2019
Netherlands,Western Europe,7.449,1.339,0.336,1.464,0.614,0.976,2020
Netherlands,Western Europe,7.339,1.465,0.474,1.029,0.552,0.812,2016
Netherlands,Western Europe,7.377,1.504,0.47,1.429,0.585,0.811,2017
Netherlands,Western Europe,7.378,1.329,0.476,1.28,0.616,0.893,2015
Netherlands,Western Europe,7.415,1.945,0.271,1.206,0.651,0.787,2022
Netherlands,Western Europe,7.403,1.942,0.251,1.488,0.672,0.545,2023
Netherlands,Western Europe,7.441,1.361,0.333,1.488,0.638,0.878,2018
New Zealand,North America and ANZ,7.2,1.852,0.245,1.235,0.68,0.752,2022
New Zealand,North America and ANZ,7.3,1.242,0.326,1.487,0.647,1.008,2020
New Zealand,North America and ANZ,7.123,1.842,0.23,1.544,0.672,0.513,2023
New Zealand,North America and ANZ,7.307,1.303,0.33,1.557,0.585,1.026,2019
New Zealand,North America and ANZ,7.286,1.25,0.475,1.32,0.639,0.908,2015
New Zealand,North America and ANZ,7.314,1.406,0.5,1.548,0.614,0.817,2017
New Zealand,North America and ANZ,7.334,1.361,0.494,1.173,0.581,0.831,2016
New Zealand,North America and ANZ,7.324,1.268,0.365,1.601,0.669,0.876,2018
New Zealand,North America and ANZ,7.277,1.4,0.276,1.094,0.665,0.785,2021
Nicaragua,Latin America and Caribbean,5.972,0.693,0.201,0.904,0.553,0.604,2021
Nicaragua,Latin America and Caribbean,6.105,0.694,0.2,1.325,0.435,0.835,2019
Nicaragua,Latin America and Caribbean,6.259,1.109,0.148,1.292,0.66,0.385,2023
Nicaragua,Latin America and Caribbean,6.137,0.62,0.213,1.271,0.56,0.803,2020
Nicaragua,Latin America and Caribbean,5.828,0.593,0.278,1.142,0.555,0.743,2015
Nicaragua,Latin America and Caribbean,6.071,0.737,0.302,1.287,0.448,0.653,2017
Nicaragua,Latin America and Caribbean,6.141,0.668,0.208,1.319,0.527,0.7,2018
Nicaragua,Latin America and Caribbean,6.165,1.105,0.168,1.029,0.617,0.617,2022
Nicaragua,Latin America and Caribbean,5.992,0.694,0.298,0.895,0.466,0.652,2016
Niger,Sub-Saharan Africa,4.028,0.162,0.229,0.993,0.364,0.269,2017
Niger,Sub-Saharan Africa,3.845,0.069,0.194,0.773,0.477,0.297,2015
Niger,Sub-Saharan Africa,5.074,0.162,0.2,0.402,0.516,0.167,2021
Niger,Sub-Saharan Africa,4.91,0.108,0.208,0.704,0.435,0.299,2020
Niger,Sub-Saharan Africa,4.501,0.561,0.154,0.628,0.54,0.137,2023
Niger,Sub-Saharan Africa,4.166,0.131,0.175,0.867,0.39,0.221,2018
Niger,Sub-Saharan Africa,4.628,0.138,0.188,0.774,0.318,0.366,2019
Niger,Sub-Saharan Africa,3.856,0.133,0.21,0.605,0.38,0.262,2016
Niger,Sub-Saharan Africa,5.003,0.57,0.165,0.56,0.571,0.326,2022
Nigeria,Sub-Saharan Africa,4.981,1.065,0.176,1.007,0.448,0.092,2023
Nigeria,Sub-Saharan Africa,4.552,1.079,0.175,0.732,0.444,0.3,2022
Nigeria,Sub-Saharan Africa,5.265,0.696,0.215,1.111,0.426,0.245,2019
Nigeria,Sub-Saharan Africa,5.155,0.689,0.201,1.172,0.462,0.048,2018
Nigeria,Sub-Saharan Africa,4.875,0.752,0.232,0.645,0.279,0.051,2016
Nigeria,Sub-Saharan Africa,4.759,0.663,0.212,0.625,0.433,0.051,2021
Nigeria,Sub-Saharan Africa,5.268,0.654,0.272,0.904,0.343,0.16,2015
Nigeria,Sub-Saharan Africa,5.074,0.784,0.231,1.216,0.395,0.057,2017
Nigeria,Sub-Saharan Africa,4.724,0.646,0.221,0.987,0.435,0.168,2020
North Cyprus,Western Europe,5.536,1.377,0.196,0.806,0.503,0.801,2021
North Cyprus,Western Europe,5.81,1.347,0.267,1.186,0.471,0.835,2017
North Cyprus,Western Europe,5.536,1.213,0.199,1.183,0.478,1.026,2020
North Cyprus,Western Europe,5.771,1.311,0.263,0.818,0.436,0.841,2016
North Cyprus,Western Europe,5.467,1.815,0.13,0.888,0.523,0.819,2022
North Cyprus,Western Europe,5.695,1.208,0.262,1.07,0.49,0.924,2015
North Macedonia,Central and Eastern Europe,5.007,0.919,0.224,1.002,0.335,0.735,2015
North Macedonia,Central and Eastern Europe,5.16,0.935,0.186,1.183,0.41,0.803,2020
North Macedonia,Central and Eastern Europe,5.175,1.065,0.254,1.208,0.326,0.645,2017
North Macedonia,Central and Eastern Europe,5.254,1.498,0.207,1.171,0.515,0.408,2023
North Macedonia,Central and Eastern Europe,5.101,1.068,0.212,0.772,0.45,0.535,2021
North Macedonia,Central and Eastern Europe,5.185,0.959,0.173,1.239,0.394,0.691,2018
North Macedonia,Central and Eastern Europe,5.121,1.019,0.235,0.782,0.277,0.647,2016
North Macedonia,Central and Eastern Europe,5.274,0.983,0.185,1.294,0.345,0.838,2019
North Macedonia,Central and Eastern Europe,5.199,1.505,0.215,0.863,0.488,0.637,2022
Norway,Western Europe,7.594,1.456,0.286,1.582,0.686,0.861,2018
Norway,Western Europe,7.522,1.459,0.347,1.331,0.67,0.885,2015
Norway,Western Europe,7.554,1.488,0.271,1.582,0.603,1.028,2019
Norway,Western Europe,7.315,1.994,0.212,1.521,0.752,0.544,2023
Norway,Western Europe,7.488,1.424,0.288,1.495,0.67,1.008,2020
Norway,Western Europe,7.365,1.997,0.217,1.239,0.728,0.786,2022
Norway,Western Europe,7.392,1.543,0.249,1.108,0.703,0.782,2021
Norway,Western Europe,7.537,1.616,0.362,1.534,0.635,0.797,2017
Norway,Western Europe,7.498,1.577,0.379,1.127,0.596,0.796,2016
Oman,Middle East and North Africa,6.853,1.36,0.215,1.082,0.633,0.763,2015
Pakistan,South Asia,5.132,0.688,0.312,0.261,0.146,0.403,2016
Pakistan,South Asia,4.516,1.049,0.181,0.413,0.448,0.374,2022
Pakistan,South Asia,4.555,1.081,0.141,0.657,0.511,0.158,2023
Pakistan,South Asia,4.934,0.637,0.252,0.423,0.418,0.322,2021
Pakistan,South Asia,5.269,0.727,0.315,0.673,0.235,0.402,2017
Pakistan,South Asia,5.693,0.617,0.229,0.873,0.405,0.47,2020
Pakistan,South Asia,5.194,0.595,0.337,0.414,0.121,0.515,2015
Pakistan,South Asia,5.472,0.652,0.216,0.81,0.334,0.424,2018
Pakistan,South Asia,5.653,0.677,0.22,0.886,0.313,0.535,2019
Panama,Latin America and Caribbean,6.43,1.112,0.125,1.438,0.597,0.759,2018
Panama,Latin America and Caribbean,6.305,1.098,0.097,1.376,0.58,0.879,2020
Panama,Latin America and Caribbean,6.265,1.714,0.065,1.402,0.63,0.475,2023
Panama,Latin America and Caribbean,6.18,1.298,0.079,0.976,0.596,0.667,2021
Panama,Latin America and Caribbean,6.786,1.064,0.244,1.198,0.542,0.797,2015
Panama,Latin America and Caribbean,6.701,1.183,0.242,0.989,0.489,0.708,2016
Panama,Latin America and Caribbean,6.309,1.715,0.049,1.107,0.592,0.709,2022
Panama,Latin America and Caribbean,6.452,1.234,0.211,1.373,0.55,0.706,2017
Panama,Latin America and Caribbean,6.321,1.149,0.109,1.442,0.516,0.91,2019
Paraguay,Latin America and Caribbean,5.738,1.428,0.148,1.427,0.678,0.392,2023
Paraguay,Latin America and Caribbean,5.743,0.855,0.184,1.475,0.514,0.777,2019
Paraguay,Latin America and Caribbean,5.692,0.898,0.204,1.368,0.587,0.736,2020
Paraguay,Latin America and Caribbean,5.493,0.933,0.224,1.507,0.474,0.579,2017
Paraguay,Latin America and Caribbean,5.878,0.76,0.342,1.305,0.539,0.661,2015
Paraguay,Latin America and Caribbean,5.681,0.835,0.162,1.522,0.541,0.615,2018
Paraguay,Latin America and Caribbean,5.653,0.983,0.206,0.97,0.602,0.549,2021
Paraguay,Latin America and Caribbean,5.578,1.409,0.171,1.13,0.629,0.624,2022
Paraguay,Latin America and Caribbean,5.538,0.894,0.253,1.111,0.462,0.583,2016
Peru,Latin America and Caribbean,5.663,0.934,0.092,1.249,0.53,0.674,2018
Peru,Latin America and Caribbean,5.697,0.96,0.083,1.274,0.455,0.854,2019
Peru,Latin America and Caribbean,5.84,0.986,0.087,0.833,0.536,0.623,2021
Peru,Latin America and Caribbean,5.715,1.035,0.127,1.219,0.45,0.63,2017
Peru,Latin America and Caribbean,5.743,0.996,0.145,0.813,0.375,0.63,2016
Peru,Latin America and Caribbean,5.559,1.397,0.09,0.865,0.545,0.735,2022
Peru,Latin America and Caribbean,5.797,0.919,0.092,1.208,0.513,0.824,2020
Peru,Latin America and Caribbean,5.526,1.39,0.073,1.153,0.549,0.499,2023
Peru,Latin America and Caribbean,5.824,0.9,0.15,0.975,0.415,0.73,2015
Philippines,Southeast Asia,5.524,0.775,0.12,1.312,0.643,0.513,2018
Philippines,Southeast Asia,6.006,0.775,0.129,1.245,0.622,0.602,2020
Philippines,Southeast Asia,5.904,1.268,0.107,0.912,0.678,0.514,2022
Philippines,Southeast Asia,5.523,1.238,0.104,1.108,0.714,0.286,2023
Philippines,Southeast Asia,5.88,0.853,0.125,0.828,0.651,0.426,2021
Philippines,Southeast Asia,5.279,0.812,0.217,0.879,0.549,0.47,2016
Philippines,Southeast Asia,5.43,0.858,0.194,1.254,0.585,0.468,2017
Philippines,Southeast Asia,5.631,0.807,0.117,1.293,0.558,0.657,2019
Philippines,Southeast Asia,5.073,0.705,0.25,1.035,0.625,0.581,2015
Poland,Central and Eastern Europe,6.26,1.767,0.12,1.474,0.511,0.477,2023
Poland,Central and Eastern Europe,6.123,1.176,0.108,1.448,0.546,0.781,2018
Poland,Central and Eastern Europe,6.166,1.309,0.08,0.982,0.558,0.668,2021
Poland,Central and Eastern Europe,5.835,1.246,0.144,1.047,0.452,0.691,2016
Poland,Central and Eastern Europe,6.182,1.206,0.117,1.438,0.483,0.884,2019
Poland,Central and Eastern Europe,5.791,1.126,0.168,1.279,0.531,0.779,2015
Poland,Central and Eastern Europe,5.973,1.292,0.158,1.446,0.52,0.699,2017
Poland,Central and Eastern Europe,6.123,1.758,0.124,1.174,0.523,0.712,2022
Poland,Central and Eastern Europe,6.186,1.169,0.063,1.31,0.558,0.868,2020
Portugal,Western Europe,5.102,1.16,0.137,1.139,0.515,0.875,2015
Portugal,Western Europe,5.195,1.315,0.095,1.367,0.498,0.796,2017
Portugal,Western Europe,5.41,1.188,0.055,1.429,0.562,0.884,2018
Portugal,Western Europe,5.123,1.276,0.117,0.944,0.447,0.794,2016
Portugal,Western Europe,5.929,1.323,0.029,0.939,0.621,0.76,2021
Portugal,Western Europe,6.016,1.76,0.016,1.078,0.655,0.777,2022
Portugal,Western Europe,5.968,1.758,0.031,1.356,0.693,0.537,2023
Portugal,Western Europe,5.693,1.221,0.047,1.431,0.508,0.999,2019
Portugal,Western Europe,5.911,1.169,0.053,1.34,0.59,0.979,2020
Puerto Rico,Latin America and Caribbean,7.039,1.359,0.222,1.081,0.468,0.778,2016
Qatar,Middle East and North Africa,6.374,1.649,0.256,1.303,0.654,0.748,2018
Qatar,Middle East and North Africa,6.374,1.684,0.22,1.313,0.555,0.871,2019
Qatar,Middle East and North Africa,6.375,1.824,0.324,0.88,0.567,0.717,2016
Qatar,Middle East and North Africa,6.375,1.871,0.33,1.274,0.604,0.71,2017
Qatar,Middle East and North Africa,6.611,1.69,0.326,1.079,0.64,0.797,2015
Romania,Central and Eastern Europe,6.477,1.719,0.039,1.006,0.605,0.655,2022
Romania,Central and Eastern Europe,5.528,1.17,0.129,0.728,0.367,0.676,2016
Romania,Central and Eastern Europe,5.945,1.116,0.088,1.219,0.528,0.726,2018
Romania,Central and Eastern Europe,6.14,1.275,0.045,0.832,0.564,0.595,2021
Romania,Central and Eastern Europe,6.07,1.162,0.083,1.232,0.462,0.825,2019
Romania,Central and Eastern Europe,6.124,1.12,0.068,1.194,0.535,0.792,2020
Romania,Central and Eastern Europe,5.124,1.043,0.137,0.886,0.351,0.769,2015
Romania,Central and Eastern Europe,5.825,1.218,0.134,1.15,0.457,0.685,2017
Romania,Central and Eastern Europe,6.589,1.726,0.044,1.28,0.631,0.423,2023
Russia,Central and Eastern Europe,5.459,1.685,0.117,1.095,0.401,0.586,2022
Russia,Central and Eastern Europe,5.661,1.68,0.12,1.383,0.449,0.366,2023
Russia,Central and Eastern Europe,5.546,1.127,0.099,1.379,0.399,0.68,2020
Russia,Central and Eastern Europe,5.963,1.282,0.052,1.469,0.374,0.547,2017
Russia,Central and Eastern Europe,5.477,1.241,0.115,0.992,0.409,0.511,2021
Russia,Central and Eastern Europe,5.716,1.138,0.002,1.236,0.367,0.669,2015
Russia,Central and Eastern Europe,5.648,1.183,0.082,1.452,0.334,0.726,2019
Russia,Central and Eastern Europe,5.81,1.151,0.065,1.479,0.399,0.599,2018
Russia,Central and Eastern Europe,5.856,1.232,0.027,1.053,0.327,0.59,2016
Rwanda,Sub-Saharan Africa,3.268,0.785,0.187,0.133,0.621,0.462,2022
Rwanda,Sub-Saharan Africa,3.415,0.364,0.227,0.202,0.627,0.407,2021
Rwanda,Sub-Saharan Africa,3.408,0.332,0.2,0.896,0.636,0.4,2018
Rwanda,Sub-Saharan Africa,3.515,0.328,0.236,0.616,0.543,0.319,2016
Rwanda,Sub-Saharan Africa,3.312,0.343,0.236,0.523,0.604,0.572,2020
Rwanda,Sub-Saharan Africa,3.465,0.222,0.226,0.774,0.592,0.429,2015
Rwanda,Sub-Saharan Africa,3.334,0.359,0.217,0.711,0.555,0.614,2019
Rwanda,Sub-Saharan Africa,3.471,0.369,0.253,0.946,0.582,0.326,2017
Saudi Arabia,Middle East and North Africa,6.406,1.334,0.087,1.31,0.548,0.76,2020
Saudi Arabia,Middle East and North Africa,6.375,1.403,0.08,1.357,0.439,0.795,2019
Saudi Arabia,Middle East and North Africa,6.379,1.49,0.155,0.848,0.379,0.593,2016
Saudi Arabia,Middle East and North Africa,6.344,1.531,0.148,1.287,0.45,0.59,2017
Saudi Arabia,Middle East and North Africa,6.494,1.435,0.09,0.964,0.603,0.571,2021
Saudi Arabia,Middle East and North Africa,6.463,1.861,0.093,1.37,0.682,0.351,2023
Saudi Arabia,Middle East and North Africa,6.371,1.379,0.098,1.331,0.509,0.633,2018
Saudi Arabia,Middle East and North Africa,6.523,1.87,0.078,1.092,0.651,0.577,2022
Saudi Arabia,Middle East and North Africa,6.411,1.395,0.137,1.084,0.31,0.72,2015
Senegal,Sub-Saharan Africa,4.219,0.443,0.191,0.774,0.311,0.405,2016
Senegal,Sub-Saharan Africa,4.855,0.943,0.142,0.727,0.519,0.231,2023
Senegal,Sub-Saharan Africa,3.904,0.365,0.208,0.976,0.368,0.435,2015
Senegal,Sub-Saharan Africa,4.535,0.479,0.183,1.18,0.378,0.409,2017
Senegal,Sub-Saharan Africa,4.681,0.45,0.153,1.134,0.292,0.571,2019
Senegal,Sub-Saharan Africa,5.046,0.933,0.143,0.53,0.494,0.447,2022
Senegal,Sub-Saharan Africa,5.132,0.518,0.158,0.558,0.381,0.357,2021
Senegal,Sub-Saharan Africa,4.981,0.504,0.164,0.955,0.352,0.518,2020
Senegal,Sub-Saharan Africa,4.631,0.429,0.138,1.117,0.406,0.433,2018
Serbia,Central and Eastern Europe,5.395,1.069,0.22,1.258,0.209,0.651,2017
Serbia,Central and Eastern Europe,5.778,0.988,0.15,1.327,0.395,0.828,2020
Serbia,Central and Eastern Europe,5.398,0.975,0.134,1.369,0.288,0.685,2018
Serbia,Central and Eastern Europe,6.178,1.55,0.219,1.086,0.546,0.658,2022
Serbia,Central and Eastern Europe,5.123,0.921,0.192,1.01,0.201,0.748,2015
Serbia,Central and Eastern Europe,6.144,1.552,0.246,1.343,0.617,0.424,2023
Serbia,Central and Eastern Europe,6.078,1.101,0.189,0.924,0.482,0.634,2021
Serbia,Central and Eastern Europe,5.603,1.004,0.137,1.383,0.282,0.854,2019
Serbia,Central and Eastern Europe,5.177,1.034,0.207,0.813,0.157,0.646,2016
Sierra Leone,Sub-Saharan Africa,3.849,0.279,0.243,0.377,0.408,0.1,2021
Sierra Leone,Sub-Saharan Africa,3.926,0.241,0.258,0.748,0.382,0.204,2020
Sierra Leone,Sub-Saharan Africa,4.571,0.256,0.238,0.813,0.355,0.587,2018
Sierra Leone,Sub-Saharan Africa,3.138,0.67,0.193,0.54,0.371,0.092,2023
Sierra Leone,Sub-Saharan Africa,4.709,0.368,0.293,0.984,0.319,0.006,2017
Sierra Leone,Sub-Saharan Africa,4.374,0.268,0.252,0.841,0.309,0.242,2019
Sierra Leone,Sub-Saharan Africa,4.635,0.365,0.239,0.628,0.307,0.587,2016
Sierra Leone,Sub-Saharan Africa,3.574,0.686,0.202,0.416,0.387,0.273,2022
Sierra Leone,Sub-Saharan Africa,4.507,0.33,0.215,0.956,0.408,0.587,2015
Singapore,Southeast Asia,6.587,2.168,0.17,1.354,0.66,0.607,2023
Singapore,Southeast Asia,6.377,1.52,0.219,1.395,0.635,1.138,2020
Singapore,Southeast Asia,6.572,1.692,0.346,1.354,0.55,0.949,2017
Singapore,Southeast Asia,6.262,1.572,0.271,1.463,0.556,1.141,2019
Singapore,Southeast Asia,6.739,1.646,0.327,0.868,0.488,0.947,2016
Singapore,Southeast Asia,6.798,1.522,0.311,1.02,0.543,1.025,2015
Singapore,Southeast Asia,6.48,2.149,0.163,1.127,0.672,0.851,2022
Singapore,Southeast Asia,6.343,1.529,0.261,1.451,0.631,1.008,2018
Singapore,Southeast Asia,6.377,1.695,0.176,1.019,0.664,0.897,2021
Slovakia,Central and Eastern Europe,5.995,1.169,0.169,1.27,0.318,0.789,2015
Slovakia,Central and Eastern Europe,6.469,1.731,0.128,1.544,0.494,0.472,2023
Slovakia,Central and Eastern Europe,6.281,1.195,0.117,1.424,0.424,0.853,2020
Slovakia,Central and Eastern Europe,6.391,1.736,0.118,1.232,0.479,0.707,2022
Slovakia,Central and Eastern Europe,6.331,1.304,0.107,1.066,0.468,0.653,2021
Slovakia,Central and Eastern Europe,6.173,1.21,0.118,1.537,0.354,0.776,2018
Slovakia,Central and Eastern Europe,6.078,1.28,0.138,1.083,0.234,0.704,2016
Slovakia,Central and Eastern Europe,6.098,1.325,0.137,1.505,0.296,0.713,2017
Slovakia,Central and Eastern Europe,6.198,1.246,0.121,1.504,0.334,0.881,2019
Slovenia,Central and Eastern Europe,5.948,1.219,0.16,1.506,0.633,0.856,2018
Slovenia,Central and Eastern Europe,5.758,1.341,0.243,1.453,0.573,0.791,2017
Slovenia,Central and Eastern Europe,6.63,1.81,0.118,1.249,0.685,0.769,2022
Slovenia,Central and Eastern Europe,6.118,1.258,0.144,1.523,0.564,0.953,2019
Slovenia,Central and Eastern Europe,6.363,1.209,0.146,1.465,0.647,0.933,2020
Slovenia,Central and Eastern Europe,5.848,1.185,0.253,1.274,0.609,0.873,2015
Slovenia,Central and Eastern Europe,6.461,1.36,0.122,1.093,0.69,0.722,2021
Slovenia,Central and Eastern Europe,5.768,1.299,0.257,1.056,0.532,0.792,2016
Slovenia,Central and Eastern Europe,6.65,1.815,0.144,1.539,0.707,0.532,2023
Somalia,Sub-Saharan Africa,5.151,0.023,0.292,0.721,0.602,0.114,2017
Somalia,Sub-Saharan Africa,5.44,1.026,0.272,0.336,0.568,0.115,2016
Somalia,Sub-Saharan Africa,4.982,1.026,0.238,0.712,0.674,0.115,2018
Somalia,Sub-Saharan Africa,4.668,1.026,0.243,0.698,0.559,0.268,2019
Somaliland Region,Africa,5.057,0.256,0.515,0.759,0.391,0.331,2016
Somaliland Region,Africa,5.057,0.188,0.503,0.952,0.466,0.439,2015
South Africa,Sub-Saharan Africa,4.724,0.94,0.103,1.41,0.516,0.33,2018
South Africa,Sub-Saharan Africa,4.814,0.902,0.126,1.259,0.435,0.407,2020
South Africa,Sub-Saharan Africa,4.459,1.024,0.137,0.961,0.425,0.186,2016
South Africa,Sub-Saharan Africa,4.722,0.96,0.13,1.351,0.389,0.469,2019
South Africa,Sub-Saharan Africa,5.194,1.425,0.089,1.088,0.442,0.361,2022
South Africa,Sub-Saharan Africa,4.829,1.055,0.139,1.385,0.479,0.187,2017
South Africa,Sub-Saharan Africa,4.642,0.92,0.12,1.185,0.332,0.277,2015
South Africa,Sub-Saharan Africa,4.956,0.967,0.144,0.895,0.447,0.265,2021
South Africa,Sub-Saharan Africa,5.275,1.417,0.09,1.428,0.464,0.149,2023
South Korea,East Asia,5.835,1.359,0.188,0.722,0.252,0.886,2016
South Korea,East Asia,5.845,1.403,0.134,0.758,0.353,0.801,2021
South Korea,East Asia,5.875,1.266,0.175,1.204,0.244,0.955,2018
South Korea,East Asia,5.895,1.301,0.175,1.219,0.159,1.036,2019
South Korea,East Asia,5.935,1.851,0.111,0.886,0.414,0.841,2022
South Korea,East Asia,5.951,1.853,0.112,1.188,0.446,0.603,2023
South Korea,East Asia,5.838,1.402,0.207,1.128,0.258,0.9,2017
South Korea,East Asia,5.984,1.245,0.186,0.958,0.332,0.965,2015
South Korea,East Asia,5.872,1.245,0.17,1.134,0.259,1.023,2020
South Sudan,Sub-Saharan Africa,3.832,0.394,0.259,0.185,0.197,0.158,2016
South Sudan,Sub-Saharan Africa,3.254,0.337,0.224,0.608,0.112,0.177,2018
South Sudan,Sub-Saharan Africa,2.853,0.306,0.202,0.575,0.01,0.295,2019
South Sudan,Sub-Saharan Africa,3.591,0.397,0.286,0.601,0.147,0.163,2017
South Sudan,Sub-Saharan Africa,2.817,0.289,0.21,0.553,0.066,0.209,2020
Spain,Western Europe,6.31,1.251,0.142,1.538,0.449,0.965,2018
Spain,Western Europe,6.401,1.231,0.165,1.421,0.426,1.051,2020
Spain,Western Europe,6.436,1.798,0.101,1.491,0.533,0.567,2023
Spain,Western Europe,6.491,1.375,0.135,1.057,0.462,0.826,2021
Spain,Western Europe,6.403,1.384,0.19,1.532,0.409,0.889,2017
Spain,Western Europe,6.329,1.23,0.182,1.314,0.46,0.956,2015
Spain,Western Europe,6.361,1.343,0.177,1.129,0.375,0.879,2016
Spain,Western Europe,6.476,1.808,0.101,1.211,0.505,0.808,2022
Spain,Western Europe,6.354,1.286,0.153,1.484,0.362,1.062,2019
Sri Lanka,South Asia,4.325,0.99,0.239,0.82,0.559,0.593,2021
Sri Lanka,South Asia,4.415,0.973,0.47,0.848,0.508,0.62,2016
Sri Lanka,South Asia,4.271,0.835,0.408,1.019,0.537,0.708,2015
Sri Lanka,South Asia,4.44,1.01,0.491,1.26,0.561,0.625,2017
Sri Lanka,South Asia,4.362,1.415,0.15,0.934,0.529,0.66,2022
Sri Lanka,South Asia,4.366,0.949,0.244,1.265,0.47,0.831,2019
Sri Lanka,South Asia,4.442,1.422,0.12,1.224,0.539,0.426,2023
Sri Lanka,South Asia,4.471,0.918,0.307,1.314,0.585,0.672,2018
Sri Lanka,South Asia,4.327,0.898,0.253,1.195,0.529,0.792,2020
State of Palestine,Middle East and North Africa,4.517,0.646,0.082,0.819,0.33,0.434,2021
State of Palestine,Middle East and North Africa,4.553,0.588,0.092,1.195,0.299,0.614,2020
State of Palestine,Middle East and North Africa,4.908,1.144,0.065,1.309,0.416,0.612,2023
State of Palestine,Middle East and North Africa,4.696,0.657,0.103,1.247,0.225,0.672,2019
State of Palestine,Middle East and North Africa,4.775,0.716,0.114,1.156,0.255,0.566,2017
State of Palestine,Middle East and North Africa,4.754,0.67,0.112,0.716,0.177,0.568,2016
State of Palestine,Middle East and North Africa,4.483,1.148,0.073,0.957,0.336,0.521,2022
State of Palestine,Middle East and North Africa,4.715,0.599,0.113,0.926,0.245,0.66,2015
State of Palestine,Middle East and North Africa,4.743,0.642,0.086,1.217,0.266,0.602,2018
Sudan,Sub-Saharan Africa,4.55,0.521,0.191,1.014,0.101,0.369,2015
Sudan,Sub-Saharan Africa,4.139,0.631,0.181,0.819,0.454,0.298,2016
Sudan,Sub-Saharan Africa,4.139,0.605,0.134,1.24,0.016,0.312,2018
Sudan,Sub-Saharan Africa,4.139,0.66,0.182,1.214,0.015,0.291,2017
Suriname,Latin America and Caribbean,6.269,1.097,0.167,0.779,0.522,0.509,2016
Suriname,Latin America and Caribbean,6.269,0.995,0.17,0.972,0.597,0.608,2015
Sweden,Western Europe,7.364,1.332,0.363,1.289,0.66,0.911,2015
Sweden,Western Europe,7.284,1.494,0.385,1.478,0.613,0.831,2017
Sweden,Western Europe,7.343,1.387,0.267,1.487,0.574,1.009,2019
Sweden,Western Europe,7.384,1.92,0.218,1.204,0.724,0.803,2022
Sweden,Western Europe,7.291,1.452,0.383,1.088,0.582,0.831,2016
Sweden,Western Europe,7.363,1.478,0.244,1.062,0.685,0.763,2021
Sweden,Western Europe,7.314,1.355,0.285,1.501,0.659,0.913,2018
Sweden,Western Europe,7.353,1.322,0.273,1.433,0.65,0.986,2020
Sweden,Western Europe,7.395,1.921,0.225,1.51,0.754,0.562,2023
Switzerland,Western Europe,7.487,1.42,0.256,1.549,0.66,0.927,2018
Switzerland,Western Europe,7.56,1.391,0.269,1.472,0.629,1.041,2020
Switzerland,Western Europe,7.48,1.452,0.263,1.526,0.572,1.052,2019
Switzerland,Western Europe,7.494,1.565,0.291,1.517,0.62,0.858,2017
Switzerland,Western Europe,7.571,1.566,0.204,1.079,0.653,0.816,2021
Switzerland,Western Europe,7.24,2.022,0.151,1.463,0.678,0.582,2023
Switzerland,Western Europe,7.587,1.397,0.297,1.35,0.666,0.941,2015
Switzerland,Western Europe,7.509,1.527,0.281,1.145,0.586,0.863,2016
Switzerland,Western Europe,7.512,2.026,0.147,1.226,0.677,0.822,2022
Syria,Middle East and North Africa,3.462,0.619,0.331,0.378,0.013,0.44,2019
Syria,Middle East and North Africa,3.462,0.777,0.494,0.396,0.082,0.501,2017
Syria,Middle East and North Africa,3.006,0.663,0.472,0.475,0.157,0.722,2015
Syria,Middle East and North Africa,3.462,0.689,0.376,0.382,0.088,0.539,2018
Syria,Middle East and North Africa,3.069,0.747,0.484,0.149,0.069,0.63,2016
Taiwan Province of China,East Asia,6.298,1.291,0.254,1.076,0.397,0.875,2015
Taiwan Province of China,East Asia,6.446,1.368,0.242,1.43,0.351,0.914,2019
Taiwan Province of China,East Asia,6.422,1.434,0.258,1.385,0.361,0.794,2017
Taiwan Province of China,East Asia,6.584,1.48,0.142,0.982,0.49,0.665,2021
Taiwan Province of China,East Asia,6.512,1.897,0.075,1.095,0.542,0.733,2022
Taiwan Province of China,East Asia,6.441,1.365,0.151,1.436,0.418,0.857,2018
Taiwan Province of China,East Asia,6.455,1.327,0.151,1.358,0.449,0.878,2020
Taiwan Province of China,East Asia,6.535,1.89,0.067,1.372,0.562,0.492,2023
Taiwan Province of China,East Asia,6.379,1.397,0.255,0.926,0.324,0.796,2016
Tajikistan,Commonwealth of Independent States,4.996,0.488,0.26,0.756,0.434,0.531,2016
Tajikistan,Commonwealth of Independent States,4.786,0.39,0.23,0.856,0.472,0.574,2015
Tajikistan,Commonwealth of Independent States,5.199,0.474,0.187,1.166,0.292,0.598,2018
Tajikistan,Commonwealth of Independent States,5.467,0.493,0.23,1.098,0.389,0.718,2019
Tajikistan,Commonwealth of Independent States,5.466,0.508,0.152,0.895,0.548,0.498,2021
Tajikistan,Commonwealth of Independent States,5.556,0.475,0.182,1.218,0.521,0.681,2020
Tajikistan,Commonwealth of Independent States,5.33,0.972,0.104,1.248,0.599,0.291,2023
Tajikistan,Commonwealth of Independent States,5.377,0.966,0.118,1.005,0.572,0.518,2022
Tajikistan,Commonwealth of Independent States,5.041,0.525,0.249,1.271,0.472,0.529,2017
Tanzania,Sub-Saharan Africa,3.349,0.511,0.354,1.042,0.39,0.365,2017
Tanzania,Sub-Saharan Africa,3.231,0.476,0.276,0.885,0.417,0.499,2019
Tanzania,Sub-Saharan Africa,3.476,0.457,0.272,0.873,0.509,0.443,2020
Tanzania,Sub-Saharan Africa,3.623,0.433,0.307,0.54,0.549,0.3,2021
Tanzania,Sub-Saharan Africa,3.702,0.848,0.248,0.597,0.578,0.425,2022
Tanzania,Sub-Saharan Africa,3.694,0.836,0.234,0.787,0.607,0.214,2023
Tanzania,Sub-Saharan Africa,3.781,0.285,0.344,1.003,0.329,0.382,2015
Tanzania,Sub-Saharan Africa,3.666,0.472,0.315,0.776,0.318,0.357,2016
Tanzania,Sub-Saharan Africa,3.303,0.455,0.27,0.991,0.481,0.381,2018
Thailand,Southeast Asia,6.474,1.089,0.587,1.045,0.496,0.649,2016
Thailand,Southeast Asia,5.843,1.515,0.291,1.344,0.624,0.461,2023
Thailand,Southeast Asia,5.999,1.007,0.377,1.348,0.609,0.794,2020
Thailand,Southeast Asia,6.072,1.016,0.364,1.417,0.637,0.707,2018
Thailand,Southeast Asia,5.891,1.535,0.321,1.096,0.617,0.697,2022
Thailand,Southeast Asia,6.008,1.05,0.359,1.409,0.557,0.828,2019
Thailand,Southeast Asia,6.424,1.128,0.572,1.426,0.58,0.647,2017
Thailand,Southeast Asia,6.455,0.967,0.576,1.265,0.557,0.738,2015
Thailand,Southeast Asia,5.985,1.107,0.375,0.957,0.611,0.596,2021
Togo,Sub-Saharan Africa,3.999,0.259,0.158,0.474,0.434,0.253,2018
Togo,Sub-Saharan Africa,4.187,0.268,0.201,0.548,0.304,0.343,2020
Togo,Sub-Saharan Africa,3.495,0.305,0.197,0.432,0.38,0.247,2017
Togo,Sub-Saharan Africa,4.107,0.254,0.209,0.239,0.289,0.203,2021
Togo,Sub-Saharan Africa,4.112,0.771,0.174,0.322,0.292,0.36,2022
Togo,Sub-Saharan Africa,4.137,0.77,0.149,0.642,0.367,0.161,2023
Togo,Sub-Saharan Africa,3.303,0.281,0.175,1.052,0.347,0.248,2016
Togo,Sub-Saharan Africa,4.085,0.275,0.177,0.572,0.293,0.41,2019
Togo,Sub-Saharan Africa,2.839,0.209,0.167,0.14,0.365,0.284,2015
Trinidad and Tobago,Latin America and Caribbean,6.168,1.212,0.318,1.184,0.559,0.615,2015
Trinidad and Tobago,Latin America and Caribbean,6.168,1.361,0.325,1.38,0.519,0.52,2017
Trinidad and Tobago,Latin America and Caribbean,6.192,1.231,0.185,1.477,0.489,0.713,2019
Trinidad and Tobago,Latin America and Caribbean,6.168,1.326,0.319,0.986,0.485,0.526,2016
Trinidad and Tobago,Latin America and Caribbean,6.192,1.223,0.171,1.492,0.575,0.564,2018
Trinidad and Tobago,Latin America and Caribbean,6.192,1.168,0.199,1.407,0.553,0.659,2020
Tunisia,Middle East and North Africa,4.497,1.333,0.022,0.981,0.259,0.422,2023
Tunisia,Middle East and North Africa,4.592,0.9,0.04,0.906,0.271,0.69,2018
Tunisia,Middle East and North Africa,4.461,0.921,0.059,1.0,0.167,0.815,2019
Tunisia,Middle East and North Africa,4.392,0.875,0.056,0.872,0.236,0.781,2020
Tunisia,Middle East and North Africa,4.805,1.007,0.05,0.868,0.29,0.613,2017
Tunisia,Middle East and North Africa,4.596,0.919,0.057,0.515,0.334,0.59,2021
Tunisia,Middle East and North Africa,4.739,0.881,0.064,0.604,0.263,0.738,2015
Tunisia,Middle East and North Africa,4.516,1.35,0.029,0.596,0.316,0.656,2022
Tunisia,Middle East and North Africa,5.045,0.977,0.039,0.432,0.236,0.596,2016
Turkiye,Middle East and North Africa,4.744,1.707,0.087,0.865,0.209,0.702,2022
Turkiye,Middle East and North Africa,5.132,1.127,0.086,1.197,0.254,0.781,2020
Turkiye,Middle East and North Africa,5.5,1.198,0.047,1.338,0.301,0.638,2017
Turkiye,Middle East and North Africa,5.389,1.165,0.047,0.877,0.239,0.647,2016
Turkiye,Middle East and North Africa,5.332,1.061,0.123,0.946,0.228,0.732,2015
Turkiye,Middle East and North Africa,4.614,1.714,0.095,1.148,0.125,0.467,2023
Turkiye,Middle East and North Africa,5.483,1.148,0.106,1.38,0.324,0.686,2018
Turkiye,Middle East and North Africa,4.948,1.26,0.097,0.809,0.236,0.59,2021
Turkiye,Middle East and North Africa,5.373,1.183,0.083,1.36,0.195,0.808,2019
Turkmenistan,Commonwealth of Independent States,5.548,0.958,0.17,1.227,0.476,0.539,2015
Turkmenistan,Commonwealth of Independent States,5.119,1.009,0.323,1.51,0.515,0.612,2020
Turkmenistan,Commonwealth of Independent States,5.658,1.08,0.226,1.038,0.374,0.44,2016
Turkmenistan,Commonwealth of Independent States,5.636,1.016,0.199,1.533,0.417,0.517,2018
Turkmenistan,Commonwealth of Independent States,5.474,1.484,0.314,1.319,0.649,0.516,2022
Turkmenistan,Commonwealth of Independent States,5.822,1.131,0.25,1.493,0.418,0.438,2017
Turkmenistan,Commonwealth of Independent States,5.066,1.046,0.366,1.172,0.602,0.439,2021
Turkmenistan,Commonwealth of Independent States,5.247,1.052,0.244,1.538,0.394,0.657,2019
Uganda,Sub-Saharan Africa,4.189,0.332,0.252,1.069,0.356,0.443,2019
Uganda,Sub-Saharan Africa,4.081,0.381,0.326,1.13,0.443,0.218,2017
Uganda,Sub-Saharan Africa,4.603,0.777,0.222,0.875,0.402,0.418,2022
Uganda,Sub-Saharan Africa,4.161,0.322,0.259,1.09,0.45,0.237,2018
Uganda,Sub-Saharan Africa,3.931,0.211,0.291,1.133,0.457,0.339,2015
Uganda,Sub-Saharan Africa,4.636,0.364,0.267,0.718,0.398,0.24,2021
Uganda,Sub-Saharan Africa,4.432,0.312,0.265,1.052,0.402,0.378,2020
Uganda,Sub-Saharan Africa,4.432,0.785,0.197,1.144,0.425,0.201,2023
Uganda,Sub-Saharan Africa,3.739,0.347,0.271,0.91,0.437,0.196,2016
Ukraine,Central and Eastern Europe,4.103,0.793,0.187,1.413,0.163,0.609,2018
Ukraine,Central and Eastern Europe,4.332,0.82,0.187,1.39,0.178,0.739,2019
Ukraine,Central and Eastern Europe,5.071,1.358,0.265,1.354,0.551,0.355,2023
Ukraine,Central and Eastern Europe,4.096,0.895,0.27,1.395,0.123,0.576,2017
Ukraine,Central and Eastern Europe,4.561,0.78,0.179,1.321,0.319,0.699,2020
Ukraine,Central and Eastern Europe,4.324,0.873,0.204,1.014,0.129,0.586,2016
Ukraine,Central and Eastern Europe,4.681,0.799,0.153,1.203,0.251,0.674,2015
Ukraine,Central and Eastern Europe,4.875,0.979,0.181,0.958,0.417,0.517,2021
Ukraine,Central and Eastern Europe,5.084,1.411,0.188,1.081,0.473,0.583,2022
United Arab Emirates,Middle East and North Africa,6.901,1.427,0.264,1.126,0.642,0.809,2015
United Arab Emirates,Middle East and North Africa,6.561,1.555,0.236,0.86,0.67,0.594,2021
United Arab Emirates,Middle East and North Africa,6.648,1.626,0.361,1.266,0.608,0.727,2017
United Arab Emirates,Middle East and North Africa,6.774,2.096,0.186,0.776,0.284,0.67,2018
United Arab Emirates,Middle East and North Africa,6.571,2.015,0.188,1.223,0.745,0.401,2023
United Arab Emirates,Middle East and North Africa,6.573,1.574,0.266,0.871,0.562,0.73,2016
United Arab Emirates,Middle East and North Africa,6.791,1.431,0.281,1.251,0.653,0.788,2020
United Arab Emirates,Middle East and North Africa,6.576,1.998,0.204,0.98,0.702,0.633,2022
United Arab Emirates,Middle East and North Africa,6.825,1.503,0.262,1.31,0.598,0.825,2019
United Kingdom,Western Europe,6.943,1.867,0.289,1.143,0.597,0.75,2022
United Kingdom,Western Europe,6.714,1.442,0.493,1.496,0.508,0.805,2017
United Kingdom,Western Europe,6.867,1.266,0.519,1.285,0.596,0.909,2015
United Kingdom,Western Europe,6.796,1.857,0.272,1.366,0.626,0.511,2023
United Kingdom,Western Europe,7.054,1.333,0.348,1.538,0.45,0.996,2019
United Kingdom,Western Europe,6.725,1.403,0.502,1.087,0.5,0.81,2016
United Kingdom,Western Europe,7.064,1.423,0.34,1.062,0.58,0.757,2021
United Kingdom,Western Europe,7.165,1.273,0.373,1.458,0.525,0.976,2020
United Kingdom,Western Europe,7.19,1.244,0.262,1.433,0.464,0.888,2018
United States,North America and ANZ,7.119,1.395,0.401,1.247,0.546,0.862,2015
United States,North America and ANZ,6.993,1.546,0.393,1.42,0.506,0.774,2017
United States,North America and ANZ,6.977,1.982,0.22,1.182,0.574,0.628,2022
United States,North America and ANZ,6.951,1.533,0.252,1.03,0.554,0.621,2021
United States,North America and ANZ,6.892,1.433,0.28,1.457,0.454,0.874,2019
United States,North America and ANZ,6.894,1.98,0.21,1.46,0.557,0.39,2023
United States,North America and ANZ,6.886,1.398,0.291,1.471,0.547,0.819,2018
United States,North America and ANZ,6.94,1.374,0.298,1.405,0.535,0.832,2020
United States,North America and ANZ,7.104,1.508,0.411,1.048,0.482,0.779,2016
Uruguay,Latin America and Caribbean,6.431,1.164,0.128,1.042,0.625,0.649,2021
Uruguay,Latin America and Caribbean,6.293,1.124,0.127,1.465,0.523,0.891,2019
Uruguay,Latin America and Caribbean,6.545,1.182,0.181,1.031,0.544,0.722,2016
Uruguay,Latin America and Caribbean,6.485,1.062,0.232,1.209,0.604,0.812,2015
Uruguay,Latin America and Caribbean,6.494,1.617,0.102,1.445,0.683,0.435,2023
Uruguay,Latin America and Caribbean,6.379,1.093,0.13,1.459,0.625,0.771,2018
Uruguay,Latin America and Caribbean,6.44,1.071,0.132,1.425,0.594,0.857,2020
Uruguay,Latin America and Caribbean,6.474,1.615,0.103,1.18,0.665,0.672,2022
Uruguay,Latin America and Caribbean,6.454,1.218,0.175,1.412,0.579,0.719,2017
Uzbekistan,Commonwealth of Independent States,6.014,1.227,0.26,1.347,0.74,0.375,2023
Uzbekistan,Commonwealth of Independent States,6.179,0.769,0.391,1.027,0.716,0.528,2021
Uzbekistan,Commonwealth of Independent States,6.258,0.697,0.363,1.434,0.693,0.717,2020
Uzbekistan,Commonwealth of Independent States,5.987,0.736,0.343,1.168,0.608,0.502,2016
Uzbekistan,Commonwealth of Independent States,6.174,0.745,0.322,1.529,0.631,0.756,2019
Uzbekistan,Commonwealth of Independent States,6.063,1.219,0.283,1.092,0.716,0.6,2022
Uzbekistan,Commonwealth of Independent States,6.096,0.719,0.328,1.584,0.724,0.605,2018
Uzbekistan,Commonwealth of Independent States,5.971,0.786,0.416,1.549,0.658,0.498,2017
Uzbekistan,Commonwealth of Independent States,6.003,0.632,0.228,1.34,0.658,0.598,2015
Venezuela,Latin America and Caribbean,6.084,1.134,0.042,1.033,0.198,0.619,2016
Venezuela,Latin America and Caribbean,4.806,0.996,0.056,1.469,0.133,0.657,2018
Venezuela,Latin America and Caribbean,4.707,0.96,0.064,1.427,0.154,0.805,2019
Venezuela,Latin America and Caribbean,5.053,0.77,0.087,1.349,0.272,0.767,2020
Venezuela,Latin America and Caribbean,4.925,1.026,0.225,0.968,0.283,0.578,2022
Venezuela,Latin America and Caribbean,6.81,1.044,0.058,1.256,0.429,0.721,2015
Venezuela,Latin America and Caribbean,5.25,1.128,0.065,1.431,0.154,0.617,2017
Venezuela,Latin America and Caribbean,4.892,0.852,0.078,0.897,0.284,0.574,2021
Venezuela,Latin America and Caribbean,5.211,1.026,0.205,1.257,0.369,0.341,2023
Vietnam,Southeast Asia,5.061,0.74,0.251,0.791,0.56,0.662,2016
Vietnam,Southeast Asia,5.074,0.789,0.235,1.277,0.571,0.652,2017
Vietnam,Southeast Asia,5.175,0.741,0.147,1.346,0.543,0.851,2019
Vietnam,Southeast Asia,5.353,0.718,0.136,1.253,0.651,0.819,2020
Vietnam,Southeast Asia,5.411,0.817,0.124,0.873,0.679,0.616,2021
Vietnam,Southeast Asia,5.103,0.715,0.177,1.365,0.618,0.702,2018
Vietnam,Southeast Asia,5.36,0.632,0.169,0.912,0.594,0.747,2015
Vietnam,Southeast Asia,5.485,1.252,0.143,0.932,0.707,0.611,2022
Vietnam,Southeast Asia,5.763,1.349,0.134,1.212,0.741,0.381,2023
Yemen,Middle East and North Africa,3.355,0.442,0.083,1.073,0.244,0.343,2018
Yemen,Middle East and North Africa,3.724,0.579,0.098,0.475,0.229,0.31,2016
Yemen,Middle East and North Africa,4.077,0.546,0.091,0.681,0.356,0.401,2015
Yemen,Middle East and North Africa,3.658,0.329,0.092,0.831,0.268,0.272,2021
Yemen,Middle East and North Africa,4.197,0.691,0.09,1.043,0.33,0.384,2022
Yemen,Middle East and North Africa,3.527,0.393,0.095,1.177,0.244,0.415,2020
Yemen,Middle East and North Africa,3.38,0.287,0.108,1.163,0.143,0.463,2019
Yemen,Middle East and North Africa,3.593,0.592,0.104,0.935,0.249,0.31,2017
Zambia,Sub-Saharan Africa,4.795,0.612,0.179,0.638,0.427,0.236,2016
Zambia,Sub-Saharan Africa,4.073,0.528,0.227,0.552,0.487,0.231,2021
Zambia,Sub-Saharan Africa,3.759,0.537,0.251,0.896,0.491,0.364,2020
Zambia,Sub-Saharan Africa,5.129,0.47,0.196,0.916,0.488,0.299,2015
Zambia,Sub-Saharan Africa,4.107,0.578,0.247,1.058,0.431,0.426,2019
Zambia,Sub-Saharan Africa,4.514,0.636,0.25,1.003,0.462,0.258,2017
Zambia,Sub-Saharan Africa,3.982,0.914,0.189,0.89,0.545,0.095,2023
Zambia,Sub-Saharan Africa,4.377,0.562,0.221,1.047,0.503,0.295,2018
Zambia,Sub-Saharan Africa,3.76,0.93,0.203,0.577,0.525,0.306,2022
Zimbabwe,Sub-Saharan Africa,3.204,0.758,0.112,0.881,0.363,0.069,2023
Zimbabwe,Sub-Saharan Africa,4.193,0.35,0.185,0.715,0.254,0.16,2016
Zimbabwe,Sub-Saharan Africa,3.145,0.457,0.157,0.649,0.359,0.243,2021
Zimbabwe,Sub-Saharan Africa,3.663,0.366,0.151,1.114,0.361,0.433,2019
Zimbabwe,Sub-Saharan Africa,2.995,0.947,0.106,0.69,0.329,0.27,2022
Zimbabwe,Sub-Saharan Africa,3.299,0.426,0.151,1.048,0.377,0.375,2020
Zimbabwe,Sub-Saharan Africa,4.61,0.271,0.19,1.033,0.259,0.335,2015
Zimbabwe,Sub-Saharan Africa,3.692,0.357,0.132,1.094,0.406,0.248,2018
Zimbabwe,Sub-Saharan Africa,3.875,0.376,0.189,1.083,0.336,0.197,2017
